-- phpMyAdmin SQL Dump
-- version 5.0.2
-- https://www.phpmyadmin.net/
--
-- Host: 127.0.0.1
-- Generation Time: Oct 31, 2020 at 01:54 PM
-- Server version: 10.4.11-MariaDB
-- PHP Version: 7.3.18

SET SQL_MODE = "NO_AUTO_VALUE_ON_ZERO";
START TRANSACTION;
SET time_zone = "+00:00";


/*!40101 SET @OLD_CHARACTER_SET_CLIENT=@@CHARACTER_SET_CLIENT */;
/*!40101 SET @OLD_CHARACTER_SET_RESULTS=@@CHARACTER_SET_RESULTS */;
/*!40101 SET @OLD_COLLATION_CONNECTION=@@COLLATION_CONNECTION */;
/*!40101 SET NAMES utf8mb4 */;

--
-- Database: `absensi_siswa`
--
drop database absensi_siswa;
create database absensi_siswa;
USE absensi_siswa;

-- --------------------------------------------------------

--
-- Table structure for table `absensi`
--

CREATE TABLE `absensi` (
  `id` int(11) NOT NULL,
  `tahun_ajaran` varchar(10) NOT NULL,
  `semester` enum('Ganjil','Genap') NOT NULL DEFAULT 'Ganjil',
  `id_jadwal` int(11) NOT NULL,
  `trx_date` datetime NOT NULL,
  `id_siswa` int(11) NOT NULL,
  `value` tinyint(1) NOT NULL DEFAULT 1,
  `keterangan` enum('S','I','A') DEFAULT 'I',
  `created_by` int(11) NOT NULL,
  `created_at` datetime NOT NULL,
  `updated_by` int(11) NOT NULL,
  `updated_at` datetime NOT NULL,
  `timestamp` int(11) NOT NULL
) ENGINE=InnoDB DEFAULT CHARSET=latin1;

--
-- Dumping data for table `absensi`
--

INSERT INTO `absensi` (`id`, `tahun_ajaran`, `semester`, `id_jadwal`, `trx_date`, `id_siswa`, `value`, `keterangan`, `created_by`, `created_at`, `updated_by`, `updated_at`, `timestamp`) VALUES
(18, '2018/2019', 'Ganjil', 3, '2019-01-21 21:50:34', 15, 1, 'I', 1, '2019-01-21 21:50:34', 0, '0000-00-00 00:00:00', 0),
(19, '2018/2019', 'Ganjil', 3, '2019-01-21 21:50:34', 16, 0, 'A', 1, '2019-01-21 21:50:34', 0, '0000-00-00 00:00:00', 0),
(20, '2018/2019', 'Ganjil', 3, '2019-01-21 21:50:34', 19, 1, 'I', 1, '2019-01-21 21:50:34', 0, '0000-00-00 00:00:00', 0),
(21, '2018/2019', 'Ganjil', 3, '2019-01-21 21:50:34', 27, 1, 'I', 1, '2019-01-21 21:50:34', 0, '0000-00-00 00:00:00', 0),
(22, '2018/2019', 'Ganjil', 3, '2019-01-21 21:50:34', 29, 1, 'I', 1, '2019-01-21 21:50:34', 0, '0000-00-00 00:00:00', 0),
(23, '2018/2019', 'Ganjil', 3, '2019-01-21 21:50:34', 30, 0, 'I', 1, '2019-01-21 21:50:34', 0, '0000-00-00 00:00:00', 0),
(24, '2018/2019', 'Ganjil', 3, '2019-01-21 21:50:34', 31, 0, 'I', 1, '2019-01-21 21:50:34', 0, '0000-00-00 00:00:00', 0),
(25, '2018/2019', 'Ganjil', 3, '2019-01-21 21:50:34', 34, 0, 'I', 1, '2019-01-21 21:50:34', 0, '0000-00-00 00:00:00', 0),
(26, '2018/2019', 'Ganjil', 3, '2019-01-21 21:50:34', 36, 0, 'I', 1, '2019-01-21 21:50:34', 0, '0000-00-00 00:00:00', 0),
(27, '2018/2019', 'Ganjil', 3, '2019-01-21 21:50:34', 40, 0, 'I', 1, '2019-01-21 21:50:34', 0, '0000-00-00 00:00:00', 0),
(28, '2018/2019', 'Ganjil', 3, '2019-01-21 21:50:34', 41, 0, 'I', 1, '2019-01-21 21:50:34', 0, '0000-00-00 00:00:00', 0),
(29, '2018/2019', 'Ganjil', 3, '2019-01-21 21:50:34', 43, 0, 'I', 1, '2019-01-21 21:50:34', 0, '0000-00-00 00:00:00', 0),
(30, '2018/2019', 'Ganjil', 3, '2019-01-21 21:50:34', 48, 1, 'I', 1, '2019-01-21 21:50:34', 0, '0000-00-00 00:00:00', 0),
(31, '2018/2019', 'Ganjil', 3, '2019-01-21 21:50:34', 52, 0, 'I', 1, '2019-01-21 21:50:34', 0, '0000-00-00 00:00:00', 0),
(32, '2018/2019', 'Ganjil', 3, '2019-01-21 21:50:34', 53, 0, 'I', 1, '2019-01-21 21:50:34', 0, '0000-00-00 00:00:00', 0),
(33, '2018/2019', 'Ganjil', 3, '2019-01-21 21:50:34', 56, 0, 'I', 1, '2019-01-21 21:50:34', 0, '0000-00-00 00:00:00', 0),
(34, '2018/2019', 'Ganjil', 3, '2019-01-21 21:50:34', 58, 1, 'I', 1, '2019-01-21 21:50:34', 0, '0000-00-00 00:00:00', 0),
(35, '2018/2019', 'Ganjil', 3, '2019-01-21 21:50:34', 62, 0, 'I', 1, '2019-01-21 21:50:34', 0, '0000-00-00 00:00:00', 0),
(36, '2018/2019', 'Ganjil', 3, '2019-01-21 21:50:34', 84, 0, 'I', 1, '2019-01-21 21:50:34', 0, '0000-00-00 00:00:00', 0),
(37, '2018/2019', 'Ganjil', 3, '2019-01-21 21:50:34', 85, 0, 'I', 1, '2019-01-21 21:50:34', 0, '0000-00-00 00:00:00', 0),
(38, '2018/2019', 'Ganjil', 3, '2019-01-21 21:50:34', 87, 0, 'I', 1, '2019-01-21 21:50:34', 0, '0000-00-00 00:00:00', 0),
(39, '2018/2019', 'Ganjil', 3, '2019-01-21 21:50:34', 94, 0, 'I', 1, '2019-01-21 21:50:34', 0, '0000-00-00 00:00:00', 0),
(40, '2018/2019', 'Ganjil', 3, '2019-01-21 21:50:34', 96, 1, 'I', 1, '2019-01-21 21:50:34', 0, '0000-00-00 00:00:00', 0),
(41, '2018/2019', 'Ganjil', 3, '2019-01-21 21:50:34', 103, 1, 'I', 1, '2019-01-21 21:50:34', 0, '0000-00-00 00:00:00', 0),
(42, '2018/2019', 'Ganjil', 1, '2019-01-22 08:53:34', 15, 1, 'I', 1, '2019-01-22 08:53:34', 0, '0000-00-00 00:00:00', 0),
(43, '2018/2019', 'Ganjil', 1, '2019-01-22 08:53:34', 16, 1, 'I', 1, '2019-01-22 08:53:34', 0, '0000-00-00 00:00:00', 0),
(44, '2018/2019', 'Ganjil', 1, '2019-01-22 08:53:34', 19, 0, 'S', 1, '2019-01-22 08:53:34', 0, '0000-00-00 00:00:00', 0),
(45, '2018/2019', 'Ganjil', 1, '2019-01-22 08:53:34', 27, 1, 'I', 1, '2019-01-22 08:53:34', 0, '0000-00-00 00:00:00', 0),
(46, '2018/2019', 'Ganjil', 1, '2019-01-22 08:53:34', 29, 1, 'I', 1, '2019-01-22 08:53:34', 0, '0000-00-00 00:00:00', 0),
(47, '2018/2019', 'Ganjil', 1, '2019-01-22 08:53:34', 30, 1, 'I', 1, '2019-01-22 08:53:34', 0, '0000-00-00 00:00:00', 0),
(48, '2018/2019', 'Ganjil', 1, '2019-01-22 08:53:34', 31, 1, 'I', 1, '2019-01-22 08:53:34', 0, '0000-00-00 00:00:00', 0),
(49, '2018/2019', 'Ganjil', 1, '2019-01-22 08:53:34', 34, 0, 'I', 1, '2019-01-22 08:53:34', 0, '0000-00-00 00:00:00', 0),
(50, '2018/2019', 'Ganjil', 1, '2019-01-22 08:53:34', 36, 1, 'I', 1, '2019-01-22 08:53:34', 0, '0000-00-00 00:00:00', 0),
(51, '2018/2019', 'Ganjil', 1, '2019-01-22 08:53:34', 40, 1, 'I', 1, '2019-01-22 08:53:34', 0, '0000-00-00 00:00:00', 0),
(52, '2018/2019', 'Ganjil', 1, '2019-01-22 08:53:34', 41, 1, 'I', 1, '2019-01-22 08:53:34', 0, '0000-00-00 00:00:00', 0),
(53, '2018/2019', 'Ganjil', 1, '2019-01-22 08:53:34', 43, 0, 'I', 1, '2019-01-22 08:53:34', 0, '0000-00-00 00:00:00', 0),
(54, '2018/2019', 'Ganjil', 1, '2019-01-22 08:53:34', 48, 1, 'I', 1, '2019-01-22 08:53:34', 0, '0000-00-00 00:00:00', 0),
(55, '2018/2019', 'Ganjil', 1, '2019-01-22 08:53:34', 52, 1, 'I', 1, '2019-01-22 08:53:34', 0, '0000-00-00 00:00:00', 0),
(56, '2018/2019', 'Ganjil', 1, '2019-01-22 08:53:34', 53, 1, 'I', 1, '2019-01-22 08:53:34', 0, '0000-00-00 00:00:00', 0),
(57, '2018/2019', 'Ganjil', 1, '2019-01-22 08:53:34', 56, 1, 'I', 1, '2019-01-22 08:53:34', 0, '0000-00-00 00:00:00', 0),
(58, '2018/2019', 'Ganjil', 1, '2019-01-22 08:53:34', 58, 1, 'I', 1, '2019-01-22 08:53:34', 0, '0000-00-00 00:00:00', 0),
(59, '2018/2019', 'Ganjil', 1, '2019-01-22 08:53:34', 62, 1, 'I', 1, '2019-01-22 08:53:34', 0, '0000-00-00 00:00:00', 0),
(60, '2018/2019', 'Ganjil', 1, '2019-01-22 08:53:34', 84, 0, 'S', 1, '2019-01-22 08:53:34', 0, '0000-00-00 00:00:00', 0),
(61, '2018/2019', 'Ganjil', 1, '2019-01-22 08:53:34', 85, 1, 'I', 1, '2019-01-22 08:53:34', 0, '0000-00-00 00:00:00', 0),
(62, '2018/2019', 'Ganjil', 1, '2019-01-22 08:53:34', 87, 1, 'I', 1, '2019-01-22 08:53:34', 0, '0000-00-00 00:00:00', 0),
(63, '2018/2019', 'Ganjil', 1, '2019-01-22 08:53:34', 94, 1, 'I', 1, '2019-01-22 08:53:34', 0, '0000-00-00 00:00:00', 0),
(64, '2018/2019', 'Ganjil', 1, '2019-01-22 08:53:34', 96, 1, 'I', 1, '2019-01-22 08:53:34', 0, '0000-00-00 00:00:00', 0),
(65, '2018/2019', 'Ganjil', 1, '2019-01-22 08:53:34', 103, 1, 'I', 1, '2019-01-22 08:53:34', 0, '0000-00-00 00:00:00', 0),
(66, '2018/2019', 'Ganjil', 6, '2019-01-22 09:52:56', 15, 1, 'I', 1, '2019-01-22 09:52:56', 0, '0000-00-00 00:00:00', 0),
(67, '2018/2019', 'Ganjil', 6, '2019-01-22 09:52:56', 16, 1, 'I', 1, '2019-01-22 09:52:56', 0, '0000-00-00 00:00:00', 0),
(68, '2018/2019', 'Ganjil', 6, '2019-01-22 09:52:56', 19, 0, 'I', 1, '2019-01-22 09:52:56', 0, '0000-00-00 00:00:00', 0),
(69, '2018/2019', 'Ganjil', 6, '2019-01-22 09:52:56', 27, 1, 'I', 1, '2019-01-22 09:52:56', 0, '0000-00-00 00:00:00', 0),
(70, '2018/2019', 'Ganjil', 6, '2019-01-22 09:52:56', 29, 1, 'I', 1, '2019-01-22 09:52:56', 0, '0000-00-00 00:00:00', 0),
(71, '2018/2019', 'Ganjil', 6, '2019-01-22 09:52:56', 30, 1, 'I', 1, '2019-01-22 09:52:56', 0, '0000-00-00 00:00:00', 0),
(72, '2018/2019', 'Ganjil', 6, '2019-01-22 09:52:56', 31, 1, 'I', 1, '2019-01-22 09:52:56', 0, '0000-00-00 00:00:00', 0),
(73, '2018/2019', 'Ganjil', 6, '2019-01-22 09:52:56', 34, 1, 'I', 1, '2019-01-22 09:52:56', 0, '0000-00-00 00:00:00', 0),
(74, '2018/2019', 'Ganjil', 6, '2019-01-22 09:52:56', 36, 1, 'I', 1, '2019-01-22 09:52:56', 0, '0000-00-00 00:00:00', 0),
(75, '2018/2019', 'Ganjil', 6, '2019-01-22 09:52:56', 40, 1, 'I', 1, '2019-01-22 09:52:56', 0, '0000-00-00 00:00:00', 0),
(76, '2018/2019', 'Ganjil', 6, '2019-01-22 09:52:56', 41, 1, 'I', 1, '2019-01-22 09:52:56', 0, '0000-00-00 00:00:00', 0),
(77, '2018/2019', 'Ganjil', 6, '2019-01-22 09:52:56', 43, 0, 'I', 1, '2019-01-22 09:52:56', 0, '0000-00-00 00:00:00', 0),
(78, '2018/2019', 'Ganjil', 6, '2019-01-22 09:52:56', 48, 1, 'I', 1, '2019-01-22 09:52:56', 0, '0000-00-00 00:00:00', 0),
(79, '2018/2019', 'Ganjil', 6, '2019-01-22 09:52:56', 52, 1, 'I', 1, '2019-01-22 09:52:56', 0, '0000-00-00 00:00:00', 0),
(80, '2018/2019', 'Ganjil', 6, '2019-01-22 09:52:56', 53, 0, 'S', 1, '2019-01-22 09:52:56', 0, '0000-00-00 00:00:00', 0),
(81, '2018/2019', 'Ganjil', 6, '2019-01-22 09:52:56', 56, 1, 'I', 1, '2019-01-22 09:52:56', 0, '0000-00-00 00:00:00', 0),
(82, '2018/2019', 'Ganjil', 6, '2019-01-22 09:52:56', 58, 1, 'I', 1, '2019-01-22 09:52:56', 0, '0000-00-00 00:00:00', 0),
(83, '2018/2019', 'Ganjil', 6, '2019-01-22 09:52:56', 62, 1, 'I', 1, '2019-01-22 09:52:56', 0, '0000-00-00 00:00:00', 0),
(84, '2018/2019', 'Ganjil', 6, '2019-01-22 09:52:56', 84, 1, 'I', 1, '2019-01-22 09:52:56', 0, '0000-00-00 00:00:00', 0),
(85, '2018/2019', 'Ganjil', 6, '2019-01-22 09:52:56', 85, 1, 'I', 1, '2019-01-22 09:52:56', 0, '0000-00-00 00:00:00', 0),
(86, '2018/2019', 'Ganjil', 6, '2019-01-22 09:52:56', 87, 1, 'I', 1, '2019-01-22 09:52:56', 0, '0000-00-00 00:00:00', 0),
(87, '2018/2019', 'Ganjil', 6, '2019-01-22 09:52:56', 94, 1, 'I', 1, '2019-01-22 09:52:56', 0, '0000-00-00 00:00:00', 0),
(88, '2018/2019', 'Ganjil', 6, '2019-01-22 09:52:56', 96, 1, 'I', 1, '2019-01-22 09:52:56', 0, '0000-00-00 00:00:00', 0),
(89, '2018/2019', 'Ganjil', 6, '2019-01-22 09:52:56', 103, 1, 'I', 1, '2019-01-22 09:52:56', 0, '0000-00-00 00:00:00', 0),
(90, '2018/2019', 'Ganjil', 9, '2019-01-23 08:48:18', 15, 0, 'I', 1007, '2019-01-23 08:48:18', 0, '0000-00-00 00:00:00', 0),
(91, '2018/2019', 'Ganjil', 9, '2019-01-23 08:48:18', 16, 0, 'I', 1007, '2019-01-23 08:48:18', 0, '0000-00-00 00:00:00', 0),
(92, '2018/2019', 'Ganjil', 9, '2019-01-23 08:48:18', 19, 0, 'I', 1007, '2019-01-23 08:48:18', 0, '0000-00-00 00:00:00', 0),
(93, '2018/2019', 'Ganjil', 9, '2019-01-23 08:48:18', 27, 0, 'I', 1007, '2019-01-23 08:48:18', 0, '0000-00-00 00:00:00', 0),
(94, '2018/2019', 'Ganjil', 9, '2019-01-23 08:48:18', 29, 0, 'I', 1007, '2019-01-23 08:48:18', 0, '0000-00-00 00:00:00', 0),
(95, '2018/2019', 'Ganjil', 9, '2019-01-23 08:48:18', 30, 0, 'I', 1007, '2019-01-23 08:48:18', 0, '0000-00-00 00:00:00', 0),
(96, '2018/2019', 'Ganjil', 9, '2019-01-23 08:48:18', 31, 0, 'I', 1007, '2019-01-23 08:48:18', 0, '0000-00-00 00:00:00', 0),
(97, '2018/2019', 'Ganjil', 9, '2019-01-23 08:48:18', 34, 0, 'I', 1007, '2019-01-23 08:48:18', 0, '0000-00-00 00:00:00', 0),
(98, '2018/2019', 'Ganjil', 9, '2019-01-23 08:48:18', 36, 0, 'I', 1007, '2019-01-23 08:48:18', 0, '0000-00-00 00:00:00', 0),
(99, '2018/2019', 'Ganjil', 9, '2019-01-23 08:48:18', 40, 0, 'I', 1007, '2019-01-23 08:48:18', 0, '0000-00-00 00:00:00', 0),
(100, '2018/2019', 'Ganjil', 9, '2019-01-23 08:48:18', 41, 0, 'I', 1007, '2019-01-23 08:48:18', 0, '0000-00-00 00:00:00', 0),
(101, '2018/2019', 'Ganjil', 9, '2019-01-23 08:48:18', 43, 0, 'I', 1007, '2019-01-23 08:48:18', 0, '0000-00-00 00:00:00', 0),
(102, '2018/2019', 'Ganjil', 9, '2019-01-23 08:48:18', 48, 0, 'I', 1007, '2019-01-23 08:48:18', 0, '0000-00-00 00:00:00', 0),
(103, '2018/2019', 'Ganjil', 9, '2019-01-23 08:48:18', 52, 0, 'I', 1007, '2019-01-23 08:48:18', 0, '0000-00-00 00:00:00', 0),
(104, '2018/2019', 'Ganjil', 9, '2019-01-23 08:48:18', 53, 0, 'I', 1007, '2019-01-23 08:48:18', 0, '0000-00-00 00:00:00', 0),
(105, '2018/2019', 'Ganjil', 9, '2019-01-23 08:48:18', 56, 0, 'I', 1007, '2019-01-23 08:48:18', 0, '0000-00-00 00:00:00', 0),
(106, '2018/2019', 'Ganjil', 9, '2019-01-23 08:48:18', 58, 0, 'I', 1007, '2019-01-23 08:48:18', 0, '0000-00-00 00:00:00', 0),
(107, '2018/2019', 'Ganjil', 9, '2019-01-23 08:48:18', 62, 0, 'I', 1007, '2019-01-23 08:48:18', 0, '0000-00-00 00:00:00', 0),
(108, '2018/2019', 'Ganjil', 9, '2019-01-23 08:48:18', 84, 0, 'I', 1007, '2019-01-23 08:48:18', 0, '0000-00-00 00:00:00', 0),
(109, '2018/2019', 'Ganjil', 9, '2019-01-23 08:48:18', 85, 0, 'I', 1007, '2019-01-23 08:48:18', 0, '0000-00-00 00:00:00', 0),
(110, '2018/2019', 'Ganjil', 9, '2019-01-23 08:48:18', 87, 0, 'I', 1007, '2019-01-23 08:48:18', 0, '0000-00-00 00:00:00', 0),
(111, '2018/2019', 'Ganjil', 9, '2019-01-23 08:48:18', 94, 0, 'I', 1007, '2019-01-23 08:48:18', 0, '0000-00-00 00:00:00', 0),
(112, '2018/2019', 'Ganjil', 9, '2019-01-23 08:48:18', 96, 0, 'I', 1007, '2019-01-23 08:48:18', 0, '0000-00-00 00:00:00', 0),
(113, '2018/2019', 'Ganjil', 9, '2019-01-23 08:48:18', 103, 0, 'I', 1007, '2019-01-23 08:48:18', 0, '0000-00-00 00:00:00', 0),
(114, '2018/2019', 'Ganjil', 7, '2019-01-23 08:49:27', 15, 1, 'I', 1006, '2019-01-23 08:49:27', 0, '0000-00-00 00:00:00', 0),
(115, '2018/2019', 'Ganjil', 7, '2019-01-23 08:49:27', 16, 1, 'I', 1006, '2019-01-23 08:49:27', 0, '0000-00-00 00:00:00', 0),
(116, '2018/2019', 'Ganjil', 7, '2019-01-23 08:49:27', 19, 1, 'I', 1006, '2019-01-23 08:49:27', 0, '0000-00-00 00:00:00', 0),
(117, '2018/2019', 'Ganjil', 7, '2019-01-23 08:49:27', 27, 1, 'I', 1006, '2019-01-23 08:49:27', 0, '0000-00-00 00:00:00', 0),
(118, '2018/2019', 'Ganjil', 7, '2019-01-23 08:49:27', 29, 1, 'I', 1006, '2019-01-23 08:49:27', 0, '0000-00-00 00:00:00', 0),
(119, '2018/2019', 'Ganjil', 7, '2019-01-23 08:49:27', 30, 0, 'S', 1006, '2019-01-23 08:49:27', 0, '0000-00-00 00:00:00', 0),
(120, '2018/2019', 'Ganjil', 7, '2019-01-23 08:49:27', 31, 1, 'I', 1006, '2019-01-23 08:49:27', 0, '0000-00-00 00:00:00', 0),
(121, '2018/2019', 'Ganjil', 7, '2019-01-23 08:49:27', 34, 1, 'I', 1006, '2019-01-23 08:49:27', 0, '0000-00-00 00:00:00', 0),
(122, '2018/2019', 'Ganjil', 7, '2019-01-23 08:49:27', 36, 1, 'I', 1006, '2019-01-23 08:49:27', 0, '0000-00-00 00:00:00', 0),
(123, '2018/2019', 'Ganjil', 7, '2019-01-23 08:49:27', 40, 0, 'I', 1006, '2019-01-23 08:49:27', 0, '0000-00-00 00:00:00', 0),
(124, '2018/2019', 'Ganjil', 7, '2019-01-23 08:49:27', 41, 1, 'I', 1006, '2019-01-23 08:49:27', 0, '0000-00-00 00:00:00', 0),
(125, '2018/2019', 'Ganjil', 7, '2019-01-23 08:49:27', 43, 1, 'I', 1006, '2019-01-23 08:49:27', 0, '0000-00-00 00:00:00', 0),
(126, '2018/2019', 'Ganjil', 7, '2019-01-23 08:49:27', 48, 1, 'I', 1006, '2019-01-23 08:49:27', 0, '0000-00-00 00:00:00', 0),
(127, '2018/2019', 'Ganjil', 7, '2019-01-23 08:49:27', 52, 1, 'I', 1006, '2019-01-23 08:49:27', 0, '0000-00-00 00:00:00', 0),
(128, '2018/2019', 'Ganjil', 7, '2019-01-23 08:49:27', 53, 1, 'I', 1006, '2019-01-23 08:49:27', 0, '0000-00-00 00:00:00', 0),
(129, '2018/2019', 'Ganjil', 7, '2019-01-23 08:49:27', 56, 1, 'I', 1006, '2019-01-23 08:49:27', 0, '0000-00-00 00:00:00', 0),
(130, '2018/2019', 'Ganjil', 7, '2019-01-23 08:49:27', 58, 1, 'I', 1006, '2019-01-23 08:49:27', 0, '0000-00-00 00:00:00', 0),
(131, '2018/2019', 'Ganjil', 7, '2019-01-23 08:49:27', 62, 1, 'I', 1006, '2019-01-23 08:49:27', 0, '0000-00-00 00:00:00', 0),
(132, '2018/2019', 'Ganjil', 7, '2019-01-23 08:49:27', 84, 1, 'I', 1006, '2019-01-23 08:49:27', 0, '0000-00-00 00:00:00', 0),
(133, '2018/2019', 'Ganjil', 7, '2019-01-23 08:49:27', 85, 1, 'I', 1006, '2019-01-23 08:49:27', 0, '0000-00-00 00:00:00', 0),
(134, '2018/2019', 'Ganjil', 7, '2019-01-23 08:49:27', 87, 1, 'I', 1006, '2019-01-23 08:49:27', 0, '0000-00-00 00:00:00', 0),
(135, '2018/2019', 'Ganjil', 7, '2019-01-23 08:49:27', 94, 0, 'S', 1006, '2019-01-23 08:49:27', 0, '0000-00-00 00:00:00', 0),
(136, '2018/2019', 'Ganjil', 7, '2019-01-23 08:49:27', 96, 1, 'I', 1006, '2019-01-23 08:49:27', 0, '0000-00-00 00:00:00', 0),
(137, '2018/2019', 'Ganjil', 7, '2019-01-23 08:49:27', 103, 1, 'I', 1006, '2019-01-23 08:49:27', 0, '0000-00-00 00:00:00', 0),
(138, '2018/2019', 'Ganjil', 1, '2019-01-28 19:35:21', 34, 1, 'I', 1, '2019-01-28 19:35:21', 0, '0000-00-00 00:00:00', 0),
(139, '2018/2019', 'Ganjil', 1, '2019-01-28 19:35:21', 41, 1, 'I', 1, '2019-01-28 19:35:21', 0, '0000-00-00 00:00:00', 0),
(140, '2018/2019', 'Ganjil', 1, '2019-01-28 19:35:21', 30, 1, 'I', 1, '2019-01-28 19:35:21', 0, '0000-00-00 00:00:00', 0),
(141, '2018/2019', 'Ganjil', 1, '2019-01-28 19:35:21', 36, 1, 'I', 1, '2019-01-28 19:35:21', 0, '0000-00-00 00:00:00', 0),
(142, '2018/2019', 'Ganjil', 1, '2019-01-28 19:35:21', 43, 1, 'I', 1, '2019-01-28 19:35:21', 0, '0000-00-00 00:00:00', 0),
(143, '2018/2019', 'Ganjil', 1, '2019-01-28 19:35:21', 48, 1, 'I', 1, '2019-01-28 19:35:21', 0, '0000-00-00 00:00:00', 0),
(144, '2018/2019', 'Ganjil', 1, '2019-01-28 19:35:21', 52, 1, 'I', 1, '2019-01-28 19:35:21', 0, '0000-00-00 00:00:00', 0),
(145, '2018/2019', 'Ganjil', 1, '2019-01-28 19:35:21', 53, 1, 'I', 1, '2019-01-28 19:35:21', 0, '0000-00-00 00:00:00', 0),
(146, '2018/2019', 'Ganjil', 1, '2019-01-28 19:35:21', 56, 1, 'I', 1, '2019-01-28 19:35:21', 0, '0000-00-00 00:00:00', 0),
(147, '2018/2019', 'Ganjil', 1, '2019-01-28 19:35:21', 58, 1, 'I', 1, '2019-01-28 19:35:21', 0, '0000-00-00 00:00:00', 0),
(148, '2018/2019', 'Ganjil', 1, '2019-01-28 19:35:21', 62, 1, 'I', 1, '2019-01-28 19:35:21', 0, '0000-00-00 00:00:00', 0),
(149, '2018/2019', 'Ganjil', 1, '2019-01-28 19:35:21', 84, 1, 'I', 1, '2019-01-28 19:35:21', 0, '0000-00-00 00:00:00', 0),
(150, '2018/2019', 'Ganjil', 1, '2019-01-28 19:35:21', 85, 1, 'I', 1, '2019-01-28 19:35:21', 0, '0000-00-00 00:00:00', 0),
(151, '2018/2019', 'Ganjil', 1, '2019-01-28 19:35:21', 87, 1, 'I', 1, '2019-01-28 19:35:21', 0, '0000-00-00 00:00:00', 0),
(152, '2018/2019', 'Ganjil', 1, '2019-01-28 19:35:21', 94, 1, 'I', 1, '2019-01-28 19:35:21', 0, '0000-00-00 00:00:00', 0),
(153, '2018/2019', 'Ganjil', 1, '2019-01-28 19:35:21', 96, 1, 'I', 1, '2019-01-28 19:35:21', 0, '0000-00-00 00:00:00', 0),
(154, '2018/2019', 'Ganjil', 1, '2019-01-28 19:35:21', 103, 1, 'I', 1, '2019-01-28 19:35:21', 0, '0000-00-00 00:00:00', 0),
(155, '2018/2019', 'Ganjil', 1, '2019-01-28 19:35:21', 15, 1, 'I', 1, '2019-01-28 19:35:21', 0, '0000-00-00 00:00:00', 0),
(156, '2018/2019', 'Ganjil', 1, '2019-01-28 19:35:21', 16, 1, 'I', 1, '2019-01-28 19:35:21', 0, '0000-00-00 00:00:00', 0),
(157, '2018/2019', 'Ganjil', 1, '2019-01-28 19:35:21', 19, 1, 'I', 1, '2019-01-28 19:35:21', 0, '0000-00-00 00:00:00', 0),
(158, '2018/2019', 'Ganjil', 1, '2019-01-28 19:35:21', 27, 1, 'I', 1, '2019-01-28 19:35:21', 0, '0000-00-00 00:00:00', 0),
(159, '2018/2019', 'Ganjil', 1, '2019-01-28 19:35:21', 29, 1, 'I', 1, '2019-01-28 19:35:21', 0, '0000-00-00 00:00:00', 0),
(160, '2018/2019', 'Ganjil', 1, '2019-01-28 19:35:21', 31, 0, 'S', 1, '2019-01-28 19:35:21', 0, '0000-00-00 00:00:00', 0),
(161, '2018/2019', 'Ganjil', 1, '2019-01-28 19:35:21', 40, 1, 'I', 1, '2019-01-28 19:35:21', 0, '0000-00-00 00:00:00', 0),
(162, '2018/2019', 'Ganjil', 4, '2019-02-05 09:23:23', 34, 0, 'I', 1, '2019-02-05 09:23:23', 0, '0000-00-00 00:00:00', 0),
(163, '2018/2019', 'Ganjil', 4, '2019-02-05 09:23:23', 41, 0, 'I', 1, '2019-02-05 09:23:23', 0, '0000-00-00 00:00:00', 0),
(164, '2018/2019', 'Ganjil', 4, '2019-02-05 09:23:23', 30, 0, 'I', 1, '2019-02-05 09:23:23', 0, '0000-00-00 00:00:00', 0),
(165, '2018/2019', 'Ganjil', 4, '2019-02-05 09:23:23', 36, 0, 'I', 1, '2019-02-05 09:23:23', 0, '0000-00-00 00:00:00', 0),
(166, '2018/2019', 'Ganjil', 4, '2019-02-05 09:23:23', 43, 0, 'I', 1, '2019-02-05 09:23:23', 0, '0000-00-00 00:00:00', 0),
(167, '2018/2019', 'Ganjil', 4, '2019-02-05 09:23:23', 48, 0, 'I', 1, '2019-02-05 09:23:23', 0, '0000-00-00 00:00:00', 0),
(168, '2018/2019', 'Ganjil', 4, '2019-02-05 09:23:23', 52, 0, 'I', 1, '2019-02-05 09:23:23', 0, '0000-00-00 00:00:00', 0),
(169, '2018/2019', 'Ganjil', 4, '2019-02-05 09:23:23', 53, 0, 'I', 1, '2019-02-05 09:23:23', 0, '0000-00-00 00:00:00', 0),
(170, '2018/2019', 'Ganjil', 4, '2019-02-05 09:23:23', 56, 0, 'I', 1, '2019-02-05 09:23:23', 0, '0000-00-00 00:00:00', 0),
(171, '2018/2019', 'Ganjil', 4, '2019-02-05 09:23:23', 58, 0, 'I', 1, '2019-02-05 09:23:23', 0, '0000-00-00 00:00:00', 0),
(172, '2018/2019', 'Ganjil', 4, '2019-02-05 09:23:23', 62, 0, 'I', 1, '2019-02-05 09:23:23', 0, '0000-00-00 00:00:00', 0),
(173, '2018/2019', 'Ganjil', 4, '2019-02-05 09:23:23', 84, 0, 'I', 1, '2019-02-05 09:23:23', 0, '0000-00-00 00:00:00', 0),
(174, '2018/2019', 'Ganjil', 4, '2019-02-05 09:23:23', 85, 0, 'I', 1, '2019-02-05 09:23:23', 0, '0000-00-00 00:00:00', 0),
(175, '2018/2019', 'Ganjil', 4, '2019-02-05 09:23:23', 87, 0, 'I', 1, '2019-02-05 09:23:23', 0, '0000-00-00 00:00:00', 0),
(176, '2018/2019', 'Ganjil', 4, '2019-02-05 09:23:23', 94, 0, 'I', 1, '2019-02-05 09:23:23', 0, '0000-00-00 00:00:00', 0),
(177, '2018/2019', 'Ganjil', 4, '2019-02-05 09:23:23', 96, 0, 'I', 1, '2019-02-05 09:23:23', 0, '0000-00-00 00:00:00', 0),
(178, '2018/2019', 'Ganjil', 4, '2019-02-05 09:23:23', 103, 0, 'I', 1, '2019-02-05 09:23:23', 0, '0000-00-00 00:00:00', 0),
(179, '2018/2019', 'Ganjil', 4, '2019-02-05 09:23:23', 15, 0, 'I', 1, '2019-02-05 09:23:23', 0, '0000-00-00 00:00:00', 0),
(180, '2018/2019', 'Ganjil', 4, '2019-02-05 09:23:23', 16, 0, 'I', 1, '2019-02-05 09:23:23', 0, '0000-00-00 00:00:00', 0),
(181, '2018/2019', 'Ganjil', 4, '2019-02-05 09:23:23', 19, 0, 'I', 1, '2019-02-05 09:23:23', 0, '0000-00-00 00:00:00', 0),
(182, '2018/2019', 'Ganjil', 4, '2019-02-05 09:23:23', 27, 0, 'I', 1, '2019-02-05 09:23:23', 0, '0000-00-00 00:00:00', 0),
(183, '2018/2019', 'Ganjil', 4, '2019-02-05 09:23:23', 29, 0, 'I', 1, '2019-02-05 09:23:23', 0, '0000-00-00 00:00:00', 0),
(184, '2018/2019', 'Ganjil', 4, '2019-02-05 09:23:23', 31, 0, 'I', 1, '2019-02-05 09:23:23', 0, '0000-00-00 00:00:00', 0),
(185, '2018/2019', 'Ganjil', 4, '2019-02-05 09:23:23', 40, 0, 'I', 1, '2019-02-05 09:23:23', 0, '0000-00-00 00:00:00', 0),
(186, '2018/2019', 'Ganjil', 1, '2019-02-10 20:40:57', 34, 1, 'I', 1, '2019-02-10 20:40:57', 0, '0000-00-00 00:00:00', 0),
(187, '2018/2019', 'Ganjil', 1, '2019-02-10 20:40:57', 41, 1, 'I', 1, '2019-02-10 20:40:57', 0, '0000-00-00 00:00:00', 0),
(188, '2018/2019', 'Ganjil', 1, '2019-02-10 20:40:57', 30, 1, 'I', 1, '2019-02-10 20:40:57', 0, '0000-00-00 00:00:00', 0),
(189, '2018/2019', 'Ganjil', 1, '2019-02-10 20:40:57', 36, 0, 'S', 1, '2019-02-10 20:40:57', 0, '0000-00-00 00:00:00', 0),
(190, '2018/2019', 'Ganjil', 1, '2019-02-10 20:40:57', 43, 1, 'I', 1, '2019-02-10 20:40:57', 0, '0000-00-00 00:00:00', 0),
(191, '2018/2019', 'Ganjil', 1, '2019-02-10 20:40:57', 48, 1, 'I', 1, '2019-02-10 20:40:57', 0, '0000-00-00 00:00:00', 0),
(192, '2018/2019', 'Ganjil', 1, '2019-02-10 20:40:57', 52, 0, 'I', 1, '2019-02-10 20:40:57', 0, '0000-00-00 00:00:00', 0),
(193, '2018/2019', 'Ganjil', 1, '2019-02-10 20:40:57', 53, 0, 'I', 1, '2019-02-10 20:40:57', 0, '0000-00-00 00:00:00', 0),
(194, '2018/2019', 'Ganjil', 1, '2019-02-10 20:40:57', 56, 0, 'I', 1, '2019-02-10 20:40:57', 0, '0000-00-00 00:00:00', 0),
(195, '2018/2019', 'Ganjil', 1, '2019-02-10 20:40:57', 58, 0, 'I', 1, '2019-02-10 20:40:57', 0, '0000-00-00 00:00:00', 0),
(196, '2018/2019', 'Ganjil', 1, '2019-02-10 20:40:57', 62, 0, 'I', 1, '2019-02-10 20:40:57', 0, '0000-00-00 00:00:00', 0),
(197, '2018/2019', 'Ganjil', 1, '2019-02-10 20:40:57', 84, 0, 'I', 1, '2019-02-10 20:40:57', 0, '0000-00-00 00:00:00', 0),
(198, '2018/2019', 'Ganjil', 1, '2019-02-10 20:40:57', 85, 0, 'I', 1, '2019-02-10 20:40:57', 0, '0000-00-00 00:00:00', 0),
(199, '2018/2019', 'Ganjil', 1, '2019-02-10 20:40:57', 87, 0, 'I', 1, '2019-02-10 20:40:57', 0, '0000-00-00 00:00:00', 0),
(200, '2018/2019', 'Ganjil', 1, '2019-02-10 20:40:57', 94, 0, 'I', 1, '2019-02-10 20:40:57', 0, '0000-00-00 00:00:00', 0),
(201, '2018/2019', 'Ganjil', 1, '2019-02-10 20:40:57', 96, 0, 'I', 1, '2019-02-10 20:40:57', 0, '0000-00-00 00:00:00', 0),
(202, '2018/2019', 'Ganjil', 1, '2019-02-10 20:40:57', 103, 0, 'I', 1, '2019-02-10 20:40:57', 0, '0000-00-00 00:00:00', 0),
(203, '2018/2019', 'Ganjil', 1, '2019-02-10 20:40:57', 15, 0, 'I', 1, '2019-02-10 20:40:57', 0, '0000-00-00 00:00:00', 0),
(204, '2018/2019', 'Ganjil', 1, '2019-02-10 20:40:57', 16, 0, 'I', 1, '2019-02-10 20:40:57', 0, '0000-00-00 00:00:00', 0),
(205, '2018/2019', 'Ganjil', 1, '2019-02-10 20:40:57', 19, 0, 'I', 1, '2019-02-10 20:40:57', 0, '0000-00-00 00:00:00', 0),
(206, '2018/2019', 'Ganjil', 1, '2019-02-10 20:40:57', 27, 0, 'I', 1, '2019-02-10 20:40:57', 0, '0000-00-00 00:00:00', 0),
(207, '2018/2019', 'Ganjil', 1, '2019-02-10 20:40:57', 29, 0, 'I', 1, '2019-02-10 20:40:57', 0, '0000-00-00 00:00:00', 0),
(208, '2018/2019', 'Ganjil', 1, '2019-02-10 20:40:57', 31, 0, 'I', 1, '2019-02-10 20:40:57', 0, '0000-00-00 00:00:00', 0),
(209, '2018/2019', 'Ganjil', 1, '2019-02-10 20:40:57', 40, 0, 'I', 1, '2019-02-10 20:40:57', 0, '0000-00-00 00:00:00', 0),
(210, '2018/2019', 'Ganjil', 12, '2020-10-30 07:57:46', 34, 0, 'I', 1, '2020-10-30 07:57:46', 0, '0000-00-00 00:00:00', 0),
(211, '2018/2019', 'Ganjil', 12, '2020-10-30 07:57:46', 41, 0, 'I', 1, '2020-10-30 07:57:46', 0, '0000-00-00 00:00:00', 0),
(212, '2018/2019', 'Ganjil', 12, '2020-10-30 07:57:46', 30, 0, 'I', 1, '2020-10-30 07:57:46', 0, '0000-00-00 00:00:00', 0),
(213, '2018/2019', 'Ganjil', 12, '2020-10-30 07:57:46', 36, 0, 'I', 1, '2020-10-30 07:57:46', 0, '0000-00-00 00:00:00', 0),
(214, '2018/2019', 'Ganjil', 12, '2020-10-30 07:57:46', 43, 0, 'I', 1, '2020-10-30 07:57:46', 0, '0000-00-00 00:00:00', 0),
(215, '2018/2019', 'Ganjil', 12, '2020-10-30 07:57:46', 48, 0, 'I', 1, '2020-10-30 07:57:46', 0, '0000-00-00 00:00:00', 0),
(216, '2018/2019', 'Ganjil', 12, '2020-10-30 07:57:46', 52, 0, 'I', 1, '2020-10-30 07:57:46', 0, '0000-00-00 00:00:00', 0),
(217, '2018/2019', 'Ganjil', 12, '2020-10-30 07:57:46', 53, 0, 'I', 1, '2020-10-30 07:57:46', 0, '0000-00-00 00:00:00', 0),
(218, '2018/2019', 'Ganjil', 12, '2020-10-30 07:57:46', 56, 0, 'I', 1, '2020-10-30 07:57:46', 0, '0000-00-00 00:00:00', 0),
(219, '2018/2019', 'Ganjil', 12, '2020-10-30 07:57:46', 58, 0, 'I', 1, '2020-10-30 07:57:46', 0, '0000-00-00 00:00:00', 0),
(220, '2018/2019', 'Ganjil', 12, '2020-10-30 07:57:46', 62, 0, 'I', 1, '2020-10-30 07:57:46', 0, '0000-00-00 00:00:00', 0),
(221, '2018/2019', 'Ganjil', 12, '2020-10-30 07:57:46', 84, 0, 'I', 1, '2020-10-30 07:57:46', 0, '0000-00-00 00:00:00', 0),
(222, '2018/2019', 'Ganjil', 12, '2020-10-30 07:57:46', 85, 0, 'I', 1, '2020-10-30 07:57:46', 0, '0000-00-00 00:00:00', 0),
(223, '2018/2019', 'Ganjil', 12, '2020-10-30 07:57:46', 87, 0, 'I', 1, '2020-10-30 07:57:46', 0, '0000-00-00 00:00:00', 0),
(224, '2018/2019', 'Ganjil', 12, '2020-10-30 07:57:46', 94, 0, 'I', 1, '2020-10-30 07:57:46', 0, '0000-00-00 00:00:00', 0),
(225, '2018/2019', 'Ganjil', 12, '2020-10-30 07:57:46', 96, 0, 'I', 1, '2020-10-30 07:57:46', 0, '0000-00-00 00:00:00', 0),
(226, '2018/2019', 'Ganjil', 12, '2020-10-30 07:57:46', 103, 0, 'I', 1, '2020-10-30 07:57:46', 0, '0000-00-00 00:00:00', 0),
(227, '2018/2019', 'Ganjil', 12, '2020-10-30 07:57:46', 15, 0, 'I', 1, '2020-10-30 07:57:46', 0, '0000-00-00 00:00:00', 0),
(228, '2018/2019', 'Ganjil', 12, '2020-10-30 07:57:46', 16, 0, 'I', 1, '2020-10-30 07:57:46', 0, '0000-00-00 00:00:00', 0),
(229, '2018/2019', 'Ganjil', 12, '2020-10-30 07:57:46', 19, 0, 'I', 1, '2020-10-30 07:57:46', 0, '0000-00-00 00:00:00', 0),
(230, '2018/2019', 'Ganjil', 12, '2020-10-30 07:57:46', 27, 0, 'I', 1, '2020-10-30 07:57:46', 0, '0000-00-00 00:00:00', 0),
(231, '2018/2019', 'Ganjil', 12, '2020-10-30 07:57:46', 29, 0, 'I', 1, '2020-10-30 07:57:46', 0, '0000-00-00 00:00:00', 0),
(232, '2018/2019', 'Ganjil', 12, '2020-10-30 07:57:46', 31, 0, 'I', 1, '2020-10-30 07:57:46', 0, '0000-00-00 00:00:00', 0),
(233, '2018/2019', 'Ganjil', 12, '2020-10-30 07:57:46', 40, 0, 'I', 1, '2020-10-30 07:57:46', 0, '0000-00-00 00:00:00', 0),
(234, '2018/2019', 'Ganjil', 13, '2020-10-30 08:03:38', 34, 0, 'I', 1, '2020-10-30 08:03:38', 0, '0000-00-00 00:00:00', 0),
(235, '2018/2019', 'Ganjil', 13, '2020-10-30 08:03:38', 41, 0, 'I', 1, '2020-10-30 08:03:38', 0, '0000-00-00 00:00:00', 0),
(236, '2018/2019', 'Ganjil', 13, '2020-10-30 08:03:38', 30, 0, 'I', 1, '2020-10-30 08:03:38', 0, '0000-00-00 00:00:00', 0),
(237, '2018/2019', 'Ganjil', 13, '2020-10-30 08:03:38', 36, 0, 'I', 1, '2020-10-30 08:03:38', 0, '0000-00-00 00:00:00', 0),
(238, '2018/2019', 'Ganjil', 13, '2020-10-30 08:03:38', 43, 0, 'I', 1, '2020-10-30 08:03:38', 0, '0000-00-00 00:00:00', 0),
(239, '2018/2019', 'Ganjil', 13, '2020-10-30 08:03:38', 48, 0, 'I', 1, '2020-10-30 08:03:38', 0, '0000-00-00 00:00:00', 0),
(240, '2018/2019', 'Ganjil', 13, '2020-10-30 08:03:38', 52, 0, 'I', 1, '2020-10-30 08:03:38', 0, '0000-00-00 00:00:00', 0),
(241, '2018/2019', 'Ganjil', 13, '2020-10-30 08:03:38', 53, 0, 'I', 1, '2020-10-30 08:03:38', 0, '0000-00-00 00:00:00', 0),
(242, '2018/2019', 'Ganjil', 13, '2020-10-30 08:03:38', 56, 0, 'I', 1, '2020-10-30 08:03:38', 0, '0000-00-00 00:00:00', 0),
(243, '2018/2019', 'Ganjil', 13, '2020-10-30 08:03:38', 58, 0, 'I', 1, '2020-10-30 08:03:38', 0, '0000-00-00 00:00:00', 0),
(244, '2018/2019', 'Ganjil', 13, '2020-10-30 08:03:38', 62, 0, 'I', 1, '2020-10-30 08:03:38', 0, '0000-00-00 00:00:00', 0),
(245, '2018/2019', 'Ganjil', 13, '2020-10-30 08:03:38', 84, 0, 'I', 1, '2020-10-30 08:03:38', 0, '0000-00-00 00:00:00', 0),
(246, '2018/2019', 'Ganjil', 13, '2020-10-30 08:03:38', 85, 0, 'I', 1, '2020-10-30 08:03:38', 0, '0000-00-00 00:00:00', 0),
(247, '2018/2019', 'Ganjil', 13, '2020-10-30 08:03:38', 87, 0, 'I', 1, '2020-10-30 08:03:38', 0, '0000-00-00 00:00:00', 0),
(248, '2018/2019', 'Ganjil', 13, '2020-10-30 08:03:38', 94, 0, 'I', 1, '2020-10-30 08:03:38', 0, '0000-00-00 00:00:00', 0),
(249, '2018/2019', 'Ganjil', 13, '2020-10-30 08:03:38', 96, 0, 'I', 1, '2020-10-30 08:03:38', 0, '0000-00-00 00:00:00', 0),
(250, '2018/2019', 'Ganjil', 13, '2020-10-30 08:03:38', 103, 0, 'I', 1, '2020-10-30 08:03:38', 0, '0000-00-00 00:00:00', 0),
(251, '2018/2019', 'Ganjil', 13, '2020-10-30 08:03:38', 15, 0, 'I', 1, '2020-10-30 08:03:38', 0, '0000-00-00 00:00:00', 0),
(252, '2018/2019', 'Ganjil', 13, '2020-10-30 08:03:38', 16, 0, 'I', 1, '2020-10-30 08:03:38', 0, '0000-00-00 00:00:00', 0),
(253, '2018/2019', 'Ganjil', 13, '2020-10-30 08:03:38', 19, 0, 'I', 1, '2020-10-30 08:03:38', 0, '0000-00-00 00:00:00', 0),
(254, '2018/2019', 'Ganjil', 13, '2020-10-30 08:03:38', 27, 0, 'I', 1, '2020-10-30 08:03:38', 0, '0000-00-00 00:00:00', 0),
(255, '2018/2019', 'Ganjil', 13, '2020-10-30 08:03:38', 29, 0, 'I', 1, '2020-10-30 08:03:38', 0, '0000-00-00 00:00:00', 0),
(256, '2018/2019', 'Ganjil', 13, '2020-10-30 08:03:38', 31, 0, 'I', 1, '2020-10-30 08:03:38', 0, '0000-00-00 00:00:00', 0),
(257, '2018/2019', 'Ganjil', 13, '2020-10-30 08:03:38', 40, 0, 'I', 1, '2020-10-30 08:03:38', 0, '0000-00-00 00:00:00', 0);

-- --------------------------------------------------------

--
-- Table structure for table `absensi_guru`
--

CREATE TABLE `absensi_guru` (
  `id_guru` int(11) NOT NULL,
  `tanggal` date NOT NULL,
  `jam_masuk` datetime DEFAULT NULL,
  `jam_pulang` datetime DEFAULT NULL,
  `keterangan` text DEFAULT NULL,
  `timestamp` timestamp NULL DEFAULT current_timestamp() ON UPDATE current_timestamp()
) ENGINE=InnoDB DEFAULT CHARSET=latin1;

--
-- Dumping data for table `absensi_guru`
--

INSERT INTO `absensi_guru` (`id_guru`, `tanggal`, `jam_masuk`, `jam_pulang`, `keterangan`, `timestamp`) VALUES
(1, '2019-11-04', '2019-11-04 17:54:54', '2019-11-04 17:54:57', NULL, '2019-11-04 10:54:57'),
(4, '2019-11-04', '2019-11-04 07:55:19', NULL, NULL, '2019-11-04 09:52:38'),
(10, '2019-11-04', '2019-11-04 07:38:42', NULL, NULL, '2019-11-04 09:58:55');

-- --------------------------------------------------------

--
-- Table structure for table `current_active`
--

CREATE TABLE `current_active` (
  `id_user` int(11) NOT NULL,
  `id_kelas` int(11) DEFAULT NULL,
  `is_checked_in` tinyint(4) DEFAULT 0,
  `is_in_class` tinyint(4) DEFAULT 0,
  `timestamp` timestamp NULL DEFAULT current_timestamp()
) ENGINE=InnoDB DEFAULT CHARSET=latin1;

-- --------------------------------------------------------

--
-- Table structure for table `ekskul`
--

CREATE TABLE `ekskul` (
  `id` int(11) NOT NULL,
  `nama_ekskul` varchar(50) DEFAULT NULL,
  `keterangan` text DEFAULT NULL,
  `timestamp` timestamp NULL DEFAULT current_timestamp() ON UPDATE current_timestamp(),
  `created_at` datetime NOT NULL,
  `created_by` int(11) DEFAULT NULL,
  `updated_by` int(11) DEFAULT NULL
) ENGINE=InnoDB DEFAULT CHARSET=latin1;

--
-- Dumping data for table `ekskul`
--

INSERT INTO `ekskul` (`id`, `nama_ekskul`, `keterangan`, `timestamp`, `created_at`, `created_by`, `updated_by`) VALUES
(5, 'voli', 'voli', '2019-09-06 14:09:45', '2019-09-06 21:09:45', 1, NULL),
(6, 'sepakbola', 'sepakbola', '2019-09-06 14:11:34', '2019-09-06 21:11:34', 1, NULL),
(7, 'Ekskul baru', 'baru', '2019-09-15 04:14:22', '2019-09-15 11:14:22', 1, NULL),
(8, 'kuda', '123', '2019-09-15 04:16:36', '2019-09-15 11:16:36', 1, NULL);

-- --------------------------------------------------------

--
-- Table structure for table `guru`
--

CREATE TABLE `guru` (
  `id` int(11) NOT NULL,
  `nik` varchar(20) NOT NULL,
  `nama` varchar(50) NOT NULL,
  `username` varchar(20) NOT NULL,
  `password` varchar(32) NOT NULL,
  `jenis_kelamin` enum('L','P') NOT NULL DEFAULT 'L',
  `alamat` varchar(255) NOT NULL,
  `tgl_lahir` date NOT NULL,
  `pendidikan` varchar(100) NOT NULL,
  `tgl_join` date NOT NULL,
  `active` tinyint(1) NOT NULL DEFAULT 1,
  `created_at` datetime NOT NULL,
  `created_by` int(11) NOT NULL,
  `updated_at` datetime NOT NULL,
  `updated_by` int(11) NOT NULL,
  `timestamp` timestamp NOT NULL DEFAULT current_timestamp()
) ENGINE=InnoDB DEFAULT CHARSET=latin1;

--
-- Dumping data for table `guru`
--

INSERT INTO `guru` (`id`, `nik`, `nama`, `username`, `password`, `jenis_kelamin`, `alamat`, `tgl_lahir`, `pendidikan`, `tgl_join`, `active`, `created_at`, `created_by`, `updated_at`, `updated_by`, `timestamp`) VALUES
(1, 'Hen', 'Hendra', 'hen', '202cb962ac59075b964b07152d234b70', 'L', '', '2019-01-01', '', '2019-01-01', 1, '2019-11-04 14:30:02', 1, '2019-11-04 14:30:02', 1, '2019-11-04 07:30:02'),
(2, 'AMR', 'Amir Hamzah, S.Pd.I', 'amr', '202cb962ac59075b964b07152d234b70', 'L', '', '2019-01-01', '', '2019-01-01', 1, '2019-11-04 14:30:02', 1, '2019-11-04 14:30:02', 1, '2019-11-04 07:30:02'),
(3, 'APL', 'Apul Sitanggang, Ir.', 'apl', '202cb962ac59075b964b07152d234b70', 'L', '', '2019-01-01', '', '2019-01-01', 1, '2019-11-04 14:30:02', 1, '2019-11-04 14:30:02', 1, '2019-11-04 07:30:02'),
(4, 'PIN', 'Pini', 'pin', '202cb962ac59075b964b07152d234b70', 'P', '', '2019-01-01', '', '2019-01-01', 1, '2019-11-04 14:30:02', 1, '2019-11-04 14:30:02', 1, '2019-11-04 07:30:02'),
(5, 'DAN', 'Dani Heri Setiawan, Drs.', 'dan', '202cb962ac59075b964b07152d234b70', 'L', '', '2019-01-01', '', '2019-01-01', 1, '2019-11-04 14:30:02', 1, '2019-11-04 14:30:02', 1, '2019-11-04 07:30:02'),
(6, 'DED', 'Dedi Wahyudi, ST', 'ded', '202cb962ac59075b964b07152d234b70', 'L', '', '2019-01-01', '', '2019-01-01', 1, '2019-11-04 14:30:02', 1, '2019-11-04 14:30:02', 1, '2019-11-04 07:30:02'),
(7, 'DEW', 'Gita Maharani, S.Pd', 'dew', '202cb962ac59075b964b07152d234b70', 'P', '', '2019-01-01', '', '2019-01-01', 1, '2019-11-04 14:30:02', 1, '2019-11-04 14:30:02', 1, '2019-11-04 07:30:02'),
(8, 'ELY', 'Elya Heryana, S.ST', 'ely', '202cb962ac59075b964b07152d234b70', 'L', '', '2019-01-01', '', '2019-01-01', 1, '2019-11-04 14:30:02', 1, '2019-11-04 14:30:02', 1, '2019-11-04 07:30:02'),
(9, 'GUN', 'Gun Gun Gunawan, S.Pd.', 'gun', '202cb962ac59075b964b07152d234b70', 'L', '', '2019-01-01', '', '2019-01-01', 1, '2019-11-04 14:30:02', 1, '2019-11-04 14:30:02', 1, '2019-11-04 07:30:02'),
(10, 'IDR', 'Idris Afandi, S.ST', 'idr', '202cb962ac59075b964b07152d234b70', 'L', '', '2019-01-01', '', '2019-01-01', 1, '2019-11-04 14:30:02', 1, '2019-11-04 14:30:02', 1, '2019-11-04 07:30:02'),
(11, 'JAJ', 'Jaja Sudirja, Drs.', 'jaj', '202cb962ac59075b964b07152d234b70', 'L', '', '2019-01-01', '', '2019-01-01', 1, '2019-11-04 14:30:02', 1, '2019-11-04 14:30:02', 1, '2019-11-04 07:30:02'),
(12, 'JUN', 'Junaedi Abdullah, S.Pd', 'jun', '202cb962ac59075b964b07152d234b70', 'L', '', '2019-01-01', '', '2019-01-01', 1, '2019-11-04 14:30:02', 1, '2019-11-04 14:30:02', 1, '2019-11-04 07:30:02'),
(13, 'KAN', 'Kanady Muharto, Drs.', 'kan', '202cb962ac59075b964b07152d234b70', 'L', '', '2019-01-01', '', '2019-01-01', 1, '2019-11-04 14:30:02', 1, '2019-11-04 14:30:02', 1, '2019-11-04 07:30:02'),
(14, 'KKN', 'Kokon Juheri, S.Pd', 'kkn', '202cb962ac59075b964b07152d234b70', 'L', '', '2019-01-01', '', '2019-01-01', 1, '2019-11-04 14:30:02', 1, '2019-11-04 14:30:02', 1, '2019-11-04 07:30:02'),
(15, 'KSW', 'Kusuma Sari Winahyu, SE', 'ksw', '202cb962ac59075b964b07152d234b70', 'L', '', '2019-01-01', '', '2019-01-01', 1, '2019-11-04 14:30:02', 1, '2019-11-04 14:30:02', 1, '2019-11-04 07:30:02'),
(16, 'LIS', 'Lisifa, SE', 'lis', '202cb962ac59075b964b07152d234b70', 'L', '', '2019-01-01', '', '2019-01-01', 1, '2019-11-04 14:30:02', 1, '2019-11-04 14:30:02', 1, '2019-11-04 07:30:02'),
(17, 'MAS', 'Inu Tri Nugroho, S.Pd', 'mas', '202cb962ac59075b964b07152d234b70', 'L', '', '2019-01-01', '', '2019-01-01', 1, '2019-11-04 14:30:02', 1, '2019-11-04 14:30:02', 1, '2019-11-04 07:30:02'),
(18, 'SHE', 'Sheilla', 'she', '202cb962ac59075b964b07152d234b70', 'P', '', '2019-01-01', '', '2019-01-01', 1, '2019-11-04 14:30:02', 1, '2019-11-04 14:30:02', 1, '2019-11-04 07:30:02'),
(19, 'MEG', 'Mega Shanty Manurung, S.Pd', 'meg', '202cb962ac59075b964b07152d234b70', 'P', '', '2019-01-01', '', '2019-01-01', 1, '2019-11-04 14:30:02', 1, '2019-11-04 14:30:02', 1, '2019-11-04 07:30:02'),
(20, 'MUL', 'Mulyana, S.ST', 'mul', '202cb962ac59075b964b07152d234b70', 'L', '', '2019-01-01', '', '2019-01-01', 1, '2019-11-04 14:30:02', 1, '2019-11-04 14:30:02', 1, '2019-11-04 07:30:02'),
(21, 'MUN', 'Munawaroh,S.Ag', 'mun', '202cb962ac59075b964b07152d234b70', 'P', '', '2019-01-01', '', '2019-01-01', 1, '2019-11-04 14:30:02', 1, '2019-11-04 14:30:02', 1, '2019-11-04 07:30:02'),
(22, 'NBT', 'Nurbaeti, S.Pd', 'nbt', '202cb962ac59075b964b07152d234b70', 'P', '', '2019-01-01', '', '2019-01-01', 1, '2019-11-04 14:30:02', 1, '2019-11-04 14:30:02', 1, '2019-11-04 07:30:02'),
(23, 'RAD', 'Radiana, S.Pd.,S.ST', 'rad', '202cb962ac59075b964b07152d234b70', 'L', '', '2019-01-01', '', '2019-01-01', 1, '2019-11-04 14:30:02', 1, '2019-11-04 14:30:02', 1, '2019-11-04 07:30:02'),
(24, 'RAH', 'Rahmi Sade, S.Pd', 'rah', '202cb962ac59075b964b07152d234b70', 'L', '', '2019-01-01', '', '2019-01-01', 1, '2019-11-04 14:30:02', 1, '2019-11-04 14:30:02', 1, '2019-11-04 07:30:02'),
(25, 'TIN', 'Tina Listiya, S.Pd', 'tin', '202cb962ac59075b964b07152d234b70', 'P', '', '2019-01-01', '', '2019-01-01', 1, '2019-11-04 14:30:02', 1, '2019-11-04 14:30:02', 1, '2019-11-04 07:30:02'),
(26, 'TRI', 'Triyanto Sulistiyanto, S.Pd', 'tri', '202cb962ac59075b964b07152d234b70', 'L', '', '2019-01-01', '', '2019-01-01', 1, '2019-11-04 14:30:02', 1, '2019-11-04 14:30:02', 1, '2019-11-04 07:30:02'),
(27, 'Suk', 'Sukri', 'suk', '202cb962ac59075b964b07152d234b70', 'L', '', '2019-01-01', '', '2019-01-01', 1, '2019-11-04 14:30:02', 1, '2019-11-04 14:30:02', 1, '2019-11-04 07:30:02'),
(28, 'ZEN', 'Netty', 'zen', '202cb962ac59075b964b07152d234b70', 'L', '', '2019-01-01', '', '2019-01-01', 1, '2019-11-04 14:30:02', 1, '2019-11-04 14:30:02', 1, '2019-11-04 07:30:02'),
(29, 'MUK', 'Muklis Suryana, ST', 'muk', '202cb962ac59075b964b07152d234b70', 'L', '', '2019-01-01', '', '2019-01-01', 1, '2019-11-04 14:30:02', 1, '2019-11-04 14:30:02', 1, '2019-11-04 07:30:02'),
(30, 'WWN', 'Wawan, ST', 'wwn', '202cb962ac59075b964b07152d234b70', 'L', '', '2019-01-01', '', '2019-01-01', 1, '2019-11-04 14:30:02', 1, '2019-11-04 14:30:02', 1, '2019-11-04 07:30:02'),
(31, 'KAR', 'KARWI', 'kar', '202cb962ac59075b964b07152d234b70', 'L', '', '2019-01-01', '', '2019-01-01', 1, '2019-11-04 14:30:02', 1, '2019-11-04 14:30:02', 1, '2019-11-04 07:30:02'),
(32, 'WAH', 'Wahiyo, A.Md', 'wah', '202cb962ac59075b964b07152d234b70', 'L', '', '2019-01-01', '', '2019-01-01', 1, '2019-11-04 14:30:02', 1, '2019-11-04 14:30:02', 1, '2019-11-04 07:30:02'),
(33, 'AK', 'Andri Kurniawan, S.Kom', 'ak', '202cb962ac59075b964b07152d234b70', 'L', '', '2019-01-01', '', '2019-01-01', 1, '2019-11-04 14:30:02', 1, '2019-11-04 14:30:02', 1, '2019-11-04 07:30:02'),
(34, 'nan', 'Nanang Mulyana', 'nan', '202cb962ac59075b964b07152d234b70', 'L', '', '2019-01-01', '', '2019-01-01', 1, '2019-11-04 14:30:02', 1, '2019-11-04 14:30:02', 1, '2019-11-04 07:30:02'),
(35, 'fat', 'SITI FATIMAH', 'fat', '202cb962ac59075b964b07152d234b70', 'P', '', '2019-01-01', '', '2019-01-01', 1, '2019-11-04 14:30:02', 1, '2019-11-04 14:30:02', 1, '2019-11-04 07:30:02');

-- --------------------------------------------------------

--
-- Table structure for table `jadwal_pelajaran`
--

CREATE TABLE `jadwal_pelajaran` (
  `id` int(11) NOT NULL,
  `tahun_ajaran` varchar(20) NOT NULL,
  `semester` enum('Ganjil','Genap') NOT NULL DEFAULT 'Ganjil',
  `hari` varchar(20) NOT NULL,
  `jam` varchar(10) NOT NULL,
  `jumlah_jam` int(2) NOT NULL,
  `id_matpel` int(11) NOT NULL,
  `id_kelas` int(11) NOT NULL,
  `id_guru` int(11) NOT NULL,
  `active` tinyint(1) NOT NULL DEFAULT 1,
  `created_by` int(11) NOT NULL,
  `created_at` datetime NOT NULL,
  `updated_by` int(11) NOT NULL,
  `updated_at` datetime NOT NULL,
  `timestamp` timestamp NOT NULL DEFAULT current_timestamp()
) ENGINE=InnoDB DEFAULT CHARSET=latin1;

--
-- Dumping data for table `jadwal_pelajaran`
--

INSERT INTO `jadwal_pelajaran` (`id`, `tahun_ajaran`, `semester`, `hari`, `jam`, `jumlah_jam`, `id_matpel`, `id_kelas`, `id_guru`, `active`, `created_by`, `created_at`, `updated_by`, `updated_at`, `timestamp`) VALUES
(1, '2018', 'Ganjil', 'selasa', '10:00', 6, 8, 1, 8, 1, 0, '0000-00-00 00:00:00', 0, '0000-00-00 00:00:00', '2019-01-19 07:56:45'),
(2, '2018/2019', 'Ganjil', 'senin', '7:00', 3, 4, 1, 3, 1, 0, '0000-00-00 00:00:00', 0, '0000-00-00 00:00:00', '2019-01-21 04:36:27'),
(3, '2018/2019', 'Ganjil', 'senin', '13:00', 1, 9, 1, 9, 1, 0, '0000-00-00 00:00:00', 0, '0000-00-00 00:00:00', '2019-01-21 07:50:39'),
(4, '2018/2019', 'Ganjil', 'selasa', '7:00', 3, 5, 1, 3, 1, 0, '0000-00-00 00:00:00', 0, '0000-00-00 00:00:00', '2019-01-21 14:51:17'),
(5, '2018/2019', 'Ganjil', 'selasa', '13:00', 1, 2, 1, 4, 1, 0, '0000-00-00 00:00:00', 0, '0000-00-00 00:00:00', '2019-01-22 02:42:03'),
(6, '2018/2019', 'Ganjil', 'selasa', '13:45', 2, 1, 1, 1, 0, 0, '0000-00-00 00:00:00', 0, '0000-00-00 00:00:00', '2019-01-22 02:42:32'),
(7, '2018/2019', 'Ganjil', 'rabu', '7:00', 3, 6, 1, 6, 1, 0, '0000-00-00 00:00:00', 0, '0000-00-00 00:00:00', '2019-01-22 02:43:04'),
(8, '2018/2019', 'Ganjil', 'rabu', '13:00', 1, 3, 1, 2, 1, 0, '0000-00-00 00:00:00', 0, '0000-00-00 00:00:00', '2019-01-22 02:43:45'),
(9, '2018/2019', 'Ganjil', 'rabu', '13:45', 2, 7, 1, 7, 1, 0, '0000-00-00 00:00:00', 0, '0000-00-00 00:00:00', '2019-01-22 02:44:16'),
(10, '2018/2019', 'Ganjil', 'kamis', '7:00', 2, 3, 1, 2, 1, 0, '0000-00-00 00:00:00', 0, '0000-00-00 00:00:00', '2019-01-22 02:45:11'),
(11, '2018/2019', 'Ganjil', 'kamis', '9:15', 4, 10, 1, 10, 1, 0, '0000-00-00 00:00:00', 0, '0000-00-00 00:00:00', '2019-01-22 02:45:56'),
(12, '2018/2019', 'Ganjil', 'jum\'at', '7:00', 2, 11, 1, 11, 1, 0, '0000-00-00 00:00:00', 0, '0000-00-00 00:00:00', '2019-01-22 02:46:33'),
(13, '2018/2019', 'Ganjil', 'jum\'at', '9:15', 3, 12, 1, 12, 1, 0, '0000-00-00 00:00:00', 0, '0000-00-00 00:00:00', '2019-01-22 02:48:26');

-- --------------------------------------------------------

--
-- Table structure for table `jadwal_sekolah`
--

CREATE TABLE `jadwal_sekolah` (
  `id` int(11) NOT NULL,
  `tahun_ajaran` varchar(50) NOT NULL,
  `semester` enum('Ganjil','Genap') NOT NULL,
  `tgl_libur` date DEFAULT NULL,
  `keterangan` text DEFAULT NULL,
  `tipe_libur` int(11) DEFAULT NULL,
  `created_by` int(11) DEFAULT NULL,
  `created_at` datetime DEFAULT NULL,
  `updated_by` int(11) DEFAULT NULL,
  `timestamp` timestamp NULL DEFAULT current_timestamp() ON UPDATE current_timestamp()
) ENGINE=InnoDB DEFAULT CHARSET=latin1;

--
-- Dumping data for table `jadwal_sekolah`
--

INSERT INTO `jadwal_sekolah` (`id`, `tahun_ajaran`, `semester`, `tgl_libur`, `keterangan`, `tipe_libur`, `created_by`, `created_at`, `updated_by`, `timestamp`) VALUES
(1, '2020/2021', 'Ganjil', '2020-01-01', 'Tahun Baru 2020 Masehi', 2, NULL, NULL, NULL, '2020-10-04 07:21:51'),
(2, '2020/2021', 'Ganjil', '2020-01-25', 'Tahun Baru Imlek 2571 Kongzili', 2, NULL, NULL, NULL, '2020-10-04 07:21:34');

-- --------------------------------------------------------

--
-- Table structure for table `kelas`
--

CREATE TABLE `kelas` (
  `id` int(11) NOT NULL,
  `tingkat` int(11) NOT NULL,
  `nama_kelas` varchar(50) NOT NULL,
  `deskripsi` text NOT NULL,
  `active` tinyint(1) NOT NULL DEFAULT 1,
  `created_by` int(11) NOT NULL,
  `created_at` datetime NOT NULL,
  `updated_by` int(11) NOT NULL,
  `updated_at` datetime NOT NULL
) ENGINE=InnoDB DEFAULT CHARSET=latin1;

--
-- Dumping data for table `kelas`
--

INSERT INTO `kelas` (`id`, `tingkat`, `nama_kelas`, `deskripsi`, `active`, `created_by`, `created_at`, `updated_by`, `updated_at`) VALUES
(1, 11, 'TKJ 1', 'Kelas XI TKJ 1 (Teknik Komputer & Jaringan)', 1, 1, '2019-01-21 11:52:04', 0, '0000-00-00 00:00:00'),
(2, 11, 'TKR', 'Kelas XI TKR (Teknik Kendaraan Ringan)', 1, 1, '2019-01-21 11:52:35', 0, '0000-00-00 00:00:00'),
(3, 11, 'TOI', 'Kelas XI TOI (Teknik Otomasi Industri)', 1, 1, '2019-01-21 11:52:45', 0, '0000-00-00 00:00:00'),
(4, 11, 'TKJ 2', 'Kelas XI TKJ 2 (Teknik Komputer & Jaringan)', 1, 1, '2019-01-21 11:52:56', 0, '0000-00-00 00:00:00'),
(5, 10, 'TKR', 'Kelas X TKR (Teknik Kendaraan Ringan)', 1, 1, '2019-01-21 11:53:06', 0, '0000-00-00 00:00:00'),
(6, 10, 'TKJ', 'Kelas X TKJ (Teknik Komputer & Jaringan)', 1, 1, '2019-01-21 11:53:21', 0, '0000-00-00 00:00:00'),
(7, 12, 'TKR 1', 'Kelas XII TKR 1 (Teknik Kendaraan Ringan)', 1, 1, '2019-01-21 11:53:29', 0, '0000-00-00 00:00:00'),
(8, 12, 'TKR 2', 'Kelas XII TKR 2 (Teknik Kendaraan Ringan)', 1, 1, '2019-01-21 11:53:36', 0, '0000-00-00 00:00:00'),
(9, 12, 'TKJ 2', 'Kelas XII TKJ 2 (Teknik Komputer & Jaringan)', 1, 1, '2019-01-21 11:53:46', 0, '0000-00-00 00:00:00'),
(10, 12, 'TKJ 1', 'Kelas XII TKJ 1 (Teknik Komputer & Jaringan)', 1, 1, '2019-01-21 11:53:53', 0, '0000-00-00 00:00:00'),
(11, 12, 'TOI 1', 'Kelas XII TOI 1 (Teknik Otomasi Industri)', 1, 1, '2019-01-21 11:54:05', 0, '0000-00-00 00:00:00'),
(12, 12, 'TOI 2', 'Kelas XII TOI 2 (Teknik Otomasi Industri)', 1, 1, '2019-01-21 11:54:18', 0, '0000-00-00 00:00:00');

-- --------------------------------------------------------

--
-- Table structure for table `level`
--

CREATE TABLE `level` (
  `level_id` int(11) NOT NULL,
  `level_name` varchar(50) NOT NULL,
  `description` varchar(255) DEFAULT NULL,
  `is_active` tinyint(1) NOT NULL DEFAULT 1
) ENGINE=InnoDB DEFAULT CHARSET=latin1;

--
-- Dumping data for table `level`
--

INSERT INTO `level` (`level_id`, `level_name`, `description`, `is_active`) VALUES
(100, 'Admin', 'Default admin', 1),
(104, 'Test4', 'Test only', 1);

-- --------------------------------------------------------

--
-- Table structure for table `mata_pelajaran`
--

CREATE TABLE `mata_pelajaran` (
  `id` int(11) NOT NULL,
  `nama` varchar(50) NOT NULL,
  `tingkat` int(2) NOT NULL,
  `deskripsi` varchar(255) NOT NULL,
  `active` tinyint(1) NOT NULL DEFAULT 1,
  `created_by` int(11) NOT NULL,
  `created_at` datetime NOT NULL,
  `updated_by` int(11) NOT NULL,
  `updated_at` datetime NOT NULL,
  `timestamp` timestamp NOT NULL DEFAULT current_timestamp()
) ENGINE=InnoDB DEFAULT CHARSET=latin1;

--
-- Dumping data for table `mata_pelajaran`
--

INSERT INTO `mata_pelajaran` (`id`, `nama`, `tingkat`, `deskripsi`, `active`, `created_by`, `created_at`, `updated_by`, `updated_at`, `timestamp`) VALUES
(1, 'PAI (Pendidkian Agama Islam)', 11, 'PAI Kelas XI', 1, 1, '2019-01-21 11:08:21', 1, '0000-00-00 00:00:00', '2018-12-26 10:30:38'),
(2, 'Al-Qur\'an', 11, 'Al-Qur\'an XI', 1, 1, '2019-01-21 11:09:00', 0, '0000-00-00 00:00:00', '2019-01-10 23:27:49'),
(3, 'TLJ (Teknologi Layanan Jaringan)', 11, 'TLJ XI', 1, 1, '2019-01-21 11:19:57', 0, '0000-00-00 00:00:00', '2019-01-10 23:27:49'),
(4, 'WAN (Wide Area Network)', 11, 'WAN XI', 1, 1, '2019-01-21 11:20:26', 0, '0000-00-00 00:00:00', '2019-01-10 23:27:49'),
(5, 'AIJ (Administrasi Infrastruktur Jaringan)', 11, 'AIJ XI', 1, 1, '2019-01-21 11:21:15', 0, '0000-00-00 00:00:00', '2019-01-10 23:27:49'),
(6, 'ASJ ( Administrasi Sistem Jaringan)', 11, 'ASJ XI', 1, 1, '2019-01-21 11:21:59', 0, '0000-00-00 00:00:00', '2019-01-10 23:27:49'),
(7, 'Bahasa Inggris', 11, 'B. Inggris XI', 1, 1, '2019-01-21 11:22:39', 0, '0000-00-00 00:00:00', '2019-01-10 23:27:49'),
(8, 'Bahasa Indonesia', 11, 'B. Indonesia XI', 1, 1, '2019-01-21 11:23:48', 0, '0000-00-00 00:00:00', '2019-01-10 23:27:49'),
(9, 'PKN (Pendidikan Kewarganegaraan)', 11, 'PKN XI', 1, 1, '2019-01-22 09:24:55', 0, '0000-00-00 00:00:00', '2019-01-10 23:27:49'),
(10, 'PKK ( Produk Kreatif Kewirausahaan)', 11, 'PKK XI', 1, 1, '2019-01-21 11:25:03', 0, '0000-00-00 00:00:00', '2019-01-10 23:27:49'),
(11, 'Penjasorkes', 11, 'Penjasorkes XI', 1, 1, '2019-01-21 11:25:50', 0, '0000-00-00 00:00:00', '2019-01-10 23:27:49'),
(12, 'Matematika', 11, 'MTK XI', 1, 1, '2019-01-22 09:47:39', 0, '0000-00-00 00:00:00', '2019-01-21 12:23:56');

-- --------------------------------------------------------

--
-- Table structure for table `penugasan`
--

CREATE TABLE `penugasan` (
  `id` int(11) NOT NULL,
  `tahun_ajaran` varchar(50) DEFAULT NULL,
  `semester` varchar(10) DEFAULT NULL,
  `tipe_penugasan` enum('internal','eksternal') NOT NULL DEFAULT 'internal',
  `tipe_kelas` enum('kelas','sub_kelas') NOT NULL DEFAULT 'kelas',
  `id_guru_pic` int(11) DEFAULT NULL,
  `id_kelas` int(11) DEFAULT NULL,
  `start_date` date DEFAULT NULL,
  `end_date` date DEFAULT NULL,
  `created_at` datetime DEFAULT NULL,
  `updated_at` datetime DEFAULT NULL,
  `created_by` int(11) DEFAULT NULL,
  `updated_by` int(11) DEFAULT NULL,
  `timestamp` timestamp NULL DEFAULT NULL
) ENGINE=InnoDB DEFAULT CHARSET=latin1;

--
-- Dumping data for table `penugasan`
--

INSERT INTO `penugasan` (`id`, `tahun_ajaran`, `semester`, `tipe_penugasan`, `tipe_kelas`, `id_guru_pic`, `id_kelas`, `start_date`, `end_date`, `created_at`, `updated_at`, `created_by`, `updated_by`, `timestamp`) VALUES
(1, '2018/2019', 'Ganjil', 'internal', 'kelas', 1, 1, '2019-09-11', '2019-09-11', '2019-09-30 19:33:09', NULL, 1, NULL, NULL),
(2, '2018/2019', 'Ganjil', 'eksternal', 'sub_kelas', 1, 1, '2019-09-11', '2019-09-11', '2019-09-30 19:33:25', NULL, 1, NULL, NULL),
(4, '2020/2021', 'genap', 'eksternal', 'sub_kelas', 1, 2, '2020-10-24', '2020-10-28', NULL, NULL, NULL, NULL, NULL);

-- --------------------------------------------------------

--
-- Table structure for table `pic_eksternal`
--

CREATE TABLE `pic_eksternal` (
  `id` int(11) NOT NULL,
  `nama` varchar(50) DEFAULT NULL,
  `keterangan` varchar(255) DEFAULT NULL,
  `perusahaan` varchar(50) DEFAULT NULL,
  `created_at` datetime DEFAULT NULL,
  `created_by` int(11) DEFAULT NULL,
  `updated_by` int(11) DEFAULT NULL,
  `timestamp` timestamp NULL DEFAULT current_timestamp() ON UPDATE current_timestamp()
) ENGINE=InnoDB DEFAULT CHARSET=latin1;

--
-- Dumping data for table `pic_eksternal`
--

INSERT INTO `pic_eksternal` (`id`, `nama`, `keterangan`, `perusahaan`, `created_at`, `created_by`, `updated_by`, `timestamp`) VALUES
(1, 'Agus B', 'PIC PT XYZ', 'PT XYZ', '2019-08-13 16:16:20', 1, NULL, '2019-08-13 09:16:20');

-- --------------------------------------------------------

--
-- Table structure for table `setting`
--

CREATE TABLE `setting` (
  `id` int(11) NOT NULL,
  `tahun_ajaran` varchar(10) NOT NULL,
  `semester` enum('Ganjil','Genap') NOT NULL DEFAULT 'Ganjil',
  `nama_sekolah` varchar(100) NOT NULL,
  `kepala_sekolah` varchar(100) NOT NULL,
  `timestamp` timestamp NOT NULL DEFAULT current_timestamp()
) ENGINE=InnoDB DEFAULT CHARSET=latin1;

--
-- Dumping data for table `setting`
--

INSERT INTO `setting` (`id`, `tahun_ajaran`, `semester`, `nama_sekolah`, `kepala_sekolah`, `timestamp`) VALUES
(1, '2020/21', 'Genap', 'SMK BINA KARYA 1 KARAWANG', 'Wanta.SE', '2019-01-19 06:17:12');

-- --------------------------------------------------------

--
-- Table structure for table `siswa`
--

CREATE TABLE `siswa` (
  `id` int(11) NOT NULL,
  `nis` varchar(20) NOT NULL,
  `nisn` varchar(20) NOT NULL,
  `nama` varchar(50) NOT NULL,
  `jenis_kelamin` enum('L','P') NOT NULL DEFAULT 'L',
  `tgl_lahir` date NOT NULL,
  `alamat` text NOT NULL,
  `id_kelas` int(11) NOT NULL,
  `active` tinyint(1) NOT NULL DEFAULT 1,
  `created_by` int(11) NOT NULL,
  `created_at` datetime NOT NULL,
  `updated_by` int(11) NOT NULL,
  `updated_at` datetime NOT NULL
) ENGINE=InnoDB DEFAULT CHARSET=latin1;

--
-- Dumping data for table `siswa`
--

INSERT INTO `siswa` (`id`, `nis`, `nisn`, `nama`, `jenis_kelamin`, `tgl_lahir`, `alamat`, `id_kelas`, `active`, `created_by`, `created_at`, `updated_by`, `updated_at`) VALUES
(2, '4181', '', 'Percy Thompson', 'L', '0000-00-00', '979 Jasper Dale Suite 242\nPort Nicohaven, IN 52997-8625', 5, 1, 1, '2018-12-13 18:13:30', 1, '2018-12-13 18:13:30'),
(3, '5345', '', 'Bert Satterfield', 'L', '0000-00-00', '75462 London Forest\nNew Stevebury, AK 68721', 5, 1, 1, '2018-12-13 18:13:30', 1, '2018-12-13 18:13:30'),
(4, '9094', '', 'Prof. Colton Rempel MD', 'L', '0000-00-00', '412 Johns Throughway\nSouth Cassidy, MO 90647', 5, 1, 1, '2018-12-13 18:13:30', 1, '2018-12-13 18:13:30'),
(5, '5081', '', 'Mr. Luciano Schuster', 'L', '0000-00-00', '6566 Gusikowski Rest\r\nPort Peggieburgh, TN 12570', 6, 1, 1, '2019-01-18 07:32:50', 1, '2018-12-13 18:13:30'),
(6, '7993', '', 'Merl Mante', 'L', '0000-00-00', '7210 Stamm Estates Suite 818\nNew Delfinatown, ID 84001-7247', 3, 1, 1, '2018-12-13 18:13:30', 1, '2018-12-13 18:13:30'),
(7, '8669', '', 'Ms. Esmeralda Schuster DVM', 'L', '0000-00-00', '19070 Violette Gardens\nNelliemouth, IA 61303-0967', 6, 1, 1, '2018-12-13 18:13:30', 1, '2018-12-13 18:13:30'),
(8, '3661', '', 'Shea Walker', 'P', '0000-00-00', '854 Jodie Trace Apt. 855\nLegrosland, RI 54069', 5, 1, 1, '2018-12-13 18:13:30', 1, '2018-12-13 18:13:30'),
(9, '4392', '', 'Albina Ward', 'L', '0000-00-00', '870 Schimmel Shore Apt. 714\nNew Grace, ND 15226', 4, 1, 1, '2018-12-13 18:13:30', 1, '2018-12-13 18:13:30'),
(10, '5633', '', 'Mr. Abdul Gaylord III', 'P', '0000-00-00', '522 Ethan Prairie Suite 129\r\nEmeryside, WV 77060-3257', 6, 1, 1, '2019-01-18 07:33:58', 1, '2018-12-13 18:13:30'),
(11, '6612', '', 'Gloria Hahn', 'L', '0000-00-00', '7055 Trycia Fork\nEast Toby, UT 12683', 3, 1, 1, '2018-12-13 18:13:30', 1, '2018-12-13 18:13:30'),
(12, '8032', '', 'Janis Oberbrunner', 'L', '0000-00-00', '59814 Thiel Court Suite 516\nWardmouth, ND 95290', 6, 1, 1, '2018-12-13 18:13:30', 1, '2018-12-13 18:13:30'),
(13, '1815', '', 'Eino Fadel', 'L', '0000-00-00', '88724 Branson Center\nSouth Osbaldo, CO 10739-1818', 5, 1, 1, '2018-12-13 18:13:30', 1, '2018-12-13 18:13:30'),
(14, '2701', '', 'Darlene Tromp PhD', 'P', '0000-00-00', '81310 Leonora Islands\nGreenholtville, SC 26190-9160', 3, 1, 1, '2018-12-13 18:13:30', 1, '2018-12-13 18:13:30'),
(15, '173424', '173424', 'Fahrezi Bagus', 'L', '2004-05-07', '352 Stracke Stravenue Suite 664\r\nPort Shaina, NM 34618-8125', 1, 1, 1, '2019-01-21 14:31:56', 1, '2018-12-13 18:13:30'),
(16, '173425', '173425', 'Farhan Yordi', 'L', '2002-09-06', '89190 Brice Manors Apt. 620\r\nRodfurt, IL 23324', 1, 1, 1, '2019-01-21 14:31:38', 1, '2018-12-13 18:13:30'),
(17, '2328', '', 'Rita Herman', 'P', '0000-00-00', '7705 Wilderman Crest Suite 348\nNew Katrine, NM 79440', 6, 1, 1, '2018-12-13 18:13:30', 1, '2018-12-13 18:13:30'),
(18, '2157', '', 'Trycia Weber', 'P', '0000-00-00', '665 Brandyn Court Suite 859\nFarrellberg, LA 75895', 4, 1, 1, '2018-12-13 18:13:30', 1, '2018-12-13 18:13:30'),
(19, '173426', '173426', 'Hadi Sarwo', 'L', '2003-01-07', '939 Kuvalis Crossing Apt. 606\r\nWilliamsonfurt, MN 13168', 1, 1, 1, '2019-01-21 14:33:15', 1, '2018-12-13 18:13:30'),
(20, '4566', '', 'Elnora Turner', 'L', '0000-00-00', '520 Kathlyn Station Suite 387\nPort Toneymouth, MD 37331-7397', 6, 1, 1, '2018-12-13 18:13:30', 1, '2018-12-13 18:13:30'),
(21, '7412', '', 'Arnold Thiel', 'P', '0000-00-00', '7752 Rath Locks\nFlatleyton, NC 48407-4305', 5, 1, 1, '2018-12-13 18:13:30', 1, '2018-12-13 18:13:30'),
(22, '7324', '', 'Ms. Briana Kovacek', 'L', '0000-00-00', '1357 Rutherford Path\nPort Ferminbury, AK 80223-6873', 4, 1, 1, '2018-12-13 18:13:31', 1, '2018-12-13 18:13:31'),
(23, '9328', '', 'Keon Baumbach', 'P', '0000-00-00', '73069 Kreiger Mission Suite 966\nVanessaburgh, IL 94176', 6, 1, 1, '2018-12-13 18:13:31', 1, '2018-12-13 18:13:31'),
(24, '3846', '', 'Carolina Murazik', 'P', '0000-00-00', '6654 Kennedi Ridges\nNorth Gisselleview, TX 24296-2041', 3, 1, 1, '2018-12-13 18:13:31', 1, '2018-12-13 18:13:31'),
(25, '8841', '', 'Bria Botsford', 'P', '0000-00-00', '581 Mohammed River Suite 936\nBradtkebury, MI 06871-4241', 4, 1, 1, '2018-12-13 18:13:31', 1, '2018-12-13 18:13:31'),
(26, '8147', '', 'Bernice O\'Kon', 'L', '0000-00-00', '9178 Kshlerin Shoals\nMurazikhaven, MO 01769-7417', 4, 1, 1, '2018-12-13 18:13:31', 1, '2018-12-13 18:13:31'),
(27, '173427', '173427', 'Iqbal Maulana', 'L', '2002-05-18', '738 Alexandro Shoal Suite 531\r\nReichertland, LA 09780', 1, 1, 1, '2019-01-21 14:34:24', 1, '2018-12-13 18:13:31'),
(28, '6598', '', 'Javon Lemke', 'L', '0000-00-00', '24198 Pablo Spurs\nNorth Drew, WV 72275', 4, 1, 1, '2018-12-13 18:13:31', 1, '2018-12-13 18:13:31'),
(29, '173428', '173428', 'Irvan Bozzent', 'L', '2002-06-18', '157 Willis Land\r\nJairohaven, AZ 29780', 1, 1, 1, '2019-01-21 14:35:04', 1, '2018-12-13 18:13:31'),
(30, '173407', '173407', 'Akhmad Irwansyah', 'L', '2002-01-07', 'Jl. Damai No. 6 Rt 6/7 Ciracas, Jakarta timur', 1, 1, 1, '2019-01-21 11:56:05', 1, '2018-12-13 18:13:31'),
(31, '173429', '173429', 'Nadia Putri', 'P', '2002-05-24', '9081 Leonard Mall\r\nNorth Jamarfurt, WA 29347', 1, 1, 1, '2019-01-21 14:36:35', 1, '2018-12-13 18:13:31'),
(32, '4350', '', 'Mrs. Kari Frami III', 'P', '0000-00-00', '14030 Raheem Corners\nBirdietown, TN 06648-8373', 5, 1, 1, '2018-12-13 18:13:31', 1, '2018-12-13 18:13:31'),
(33, '6284', '', 'Vivienne Rempel', 'P', '0000-00-00', '1232 Carroll Vista Apt. 554\nLeonardoville, MD 70327', 3, 1, 1, '2018-12-13 18:13:31', 1, '2018-12-13 18:13:31'),
(34, '173409', '173409', 'Adi Nugroho', 'L', '2002-01-09', 'Jl. Damai No. 6 Rt 6/7 Ciracas, Jakarta timur', 1, 1, 1, '2019-01-21 11:55:40', 1, '2018-12-13 18:13:31'),
(35, '7016', '', 'Prof. Hillard Marvin DVM', 'P', '0000-00-00', '5311 Judge Hill Apt. 943\nCheyennebury, FL 60114', 6, 1, 1, '2018-12-13 18:13:31', 1, '2018-12-13 18:13:31'),
(36, '173408', '173408', 'Akhmad Rizki', 'L', '2002-01-14', 'Jl. Damai No. 6 Rt 6/7 Ciracas, Jakarta timur', 1, 1, 1, '2019-01-21 11:56:23', 1, '2018-12-13 18:13:31'),
(37, '1227', '', 'Prof. Hayden Tremblay PhD', 'P', '0000-00-00', '727 Nichole Mills\nMyrticefurt, MD 17134-5136', 3, 1, 1, '2018-12-13 18:13:31', 1, '2018-12-13 18:13:31'),
(38, '9964', '', 'Tod Gerlach', 'L', '0000-00-00', '241 Trycia Lodge\nShayleebury, PA 78493', 5, 1, 1, '2018-12-13 18:13:31', 1, '2018-12-13 18:13:31'),
(39, '1051', '', 'Tyshawn Schaefer III', 'P', '0000-00-00', '64196 Lindsey Vista\nOlenmouth, NH 33599', 4, 1, 1, '2018-12-13 18:13:31', 1, '2018-12-13 18:13:31'),
(40, '173430', '173430', 'Tasha Nadia', 'P', '2002-06-13', '30779 Justice Radial\r\nLake Kareem, ME 04833-5819', 1, 1, 1, '2019-01-21 14:36:20', 1, '2018-12-13 18:13:31'),
(41, '173410', '173410', 'Adniel Ananda', 'L', '2002-01-21', 'Jl. Damai No. 6 Rt 6/7 Ciracas, Jakarta timur', 1, 1, 1, '2019-01-21 11:56:42', 1, '2018-12-13 18:13:31'),
(42, '6994', '', 'Keith Pollich DDS', 'P', '0000-00-00', '66609 Keeling Pine\nAnitatown, ND 85817-0774', 6, 1, 1, '2018-12-13 18:13:31', 1, '2018-12-13 18:13:31'),
(43, '173411', '173411', 'Al Amin Bintang', 'L', '2002-01-04', 'Jl. Damai No. 6 Rt 6/7 Ciracas, Jakarta timur', 1, 1, 1, '2019-01-21 11:57:05', 1, '2018-12-13 18:13:32'),
(44, '6700', '', 'Agustin Cremin', 'L', '0000-00-00', '999 Eriberto Crest Suite 500\nProsaccoshire, PA 81600', 5, 1, 1, '2018-12-13 18:13:32', 1, '2018-12-13 18:13:32'),
(45, '7818', '', 'Miss Ophelia Eichmann', 'L', '0000-00-00', '75443 Henderson Wells\nNorth Esmeralda, NY 20594', 5, 1, 1, '2018-12-13 18:13:32', 1, '2018-12-13 18:13:32'),
(46, '5152', '', 'Emilie Gibson', 'L', '0000-00-00', '4412 Constance Divide\nFlatleyland, WA 61630', 2, 1, 1, '2018-12-13 18:13:32', 1, '2018-12-13 18:13:32'),
(47, '5117', '', 'Aletha Smitham', 'P', '0000-00-00', '15959 Mayer Spring\nLowechester, DC 01835-6531', 3, 1, 1, '2018-12-13 18:13:32', 1, '2018-12-13 18:13:32'),
(48, '173412', '173412', 'Alisya Mutia', 'P', '2002-01-09', 'Jl. Damai No. 6 Rt 6/7 Ciracas, Jakarta timur', 1, 1, 1, '2019-01-21 11:57:31', 1, '2018-12-13 18:13:32'),
(49, '3863', '', 'Barney Batz II', 'L', '0000-00-00', '83944 Cameron Expressway\nNorth Rodrick, CT 88679-1872', 3, 1, 1, '2018-12-13 18:13:32', 1, '2018-12-13 18:13:32'),
(50, '5664', '', 'Hershel Bradtke', 'P', '0000-00-00', '8943 Dayne Ramp Apt. 888\nWest Jamal, IA 66328', 5, 1, 1, '2018-12-13 18:13:32', 1, '2018-12-13 18:13:32'),
(51, '5956', '', 'Kevin Boehm', 'L', '0000-00-00', '36848 Bogan Meadow\nPort Ahmadhaven, DE 34786-4758', 5, 1, 1, '2018-12-13 18:13:32', 1, '2018-12-13 18:13:32'),
(52, '173413', '173413', 'Andika Syahputra', 'L', '2002-06-13', 'Jl. Damai No. 6 Rt 6/7 Ciracas, Jakarta timur', 1, 1, 1, '2019-01-21 11:58:34', 1, '2018-12-13 18:13:32'),
(53, '173414', '173414', 'Anjas Syahputra', 'L', '2002-05-06', 'Jl. Damai No. 6 Rt 6/7 Ciracas, Jakarta timur', 1, 1, 1, '2019-01-21 11:59:39', 1, '2018-12-13 18:13:32'),
(54, '5412', '', 'Miss Mariane Fadel', 'P', '0000-00-00', '4602 Weimann Rue Apt. 109\nSouth Hunterhaven, WV 73550', 2, 1, 1, '2018-12-13 18:13:32', 1, '2018-12-13 18:13:32'),
(55, '3135', '', 'Porter Leannon', 'L', '0000-00-00', '154 Cornell Crossroad\nEast Curtis, IL 66747-4735', 3, 1, 1, '2018-12-13 18:13:32', 1, '2018-12-13 18:13:32'),
(56, '173415', '173415', 'Badrud Taman', 'L', '2002-04-04', 'Jl. Damai No. 6 Rt 6/7 Ciracas, Jakarta timur', 1, 1, 1, '2019-01-21 12:00:38', 1, '2018-12-13 18:13:32'),
(57, '2522', '', 'Ardith Jenkins IV', 'P', '0000-00-00', '36831 Ida Path\nKirstenland, ND 45743', 3, 1, 1, '2018-12-13 18:13:32', 1, '2018-12-13 18:13:32'),
(58, '173416', '173416', 'Bagas Kurniadi', 'L', '2002-07-02', '10760 Michele Spur Apt. 008\r\nNorth Sigrid, HI 83889-6489', 1, 1, 1, '2019-01-21 12:01:09', 1, '2018-12-13 18:13:32'),
(59, '2900', '', 'Arnoldo Padberg', 'P', '0000-00-00', '37486 Susana Harbors Apt. 287\nNathenshire, OK 88266', 2, 1, 1, '2018-12-13 18:13:32', 1, '2018-12-13 18:13:32'),
(60, '4294', '', 'Carmelo Pollich', 'L', '0000-00-00', '721 Considine Union\nEast Monserrat, MD 06087-1992', 6, 1, 1, '2018-12-13 18:13:32', 1, '2018-12-13 18:13:32'),
(61, '7758', '', 'Emmitt Bechtelar', 'L', '0000-00-00', '41031 Jacques Crossing Suite 161\nLangoshchester, MD 15996-6925', 4, 1, 1, '2018-12-13 18:13:32', 1, '2018-12-13 18:13:32'),
(62, '173417', '173417', 'Boboy Pahlevi', 'L', '2002-01-16', '537 Baumbach Groves Suite 072\r\nEast Toni, OR 07970-0359', 1, 1, 1, '2019-01-21 14:23:33', 1, '2018-12-13 18:13:32'),
(63, '5906', '', 'Lilyan Gibson', 'P', '0000-00-00', '74658 Glover Spurs\nNew Othastad, IL 21889', 5, 1, 1, '2018-12-13 18:13:32', 1, '2018-12-13 18:13:32'),
(64, '9804', '', 'Prof. Patrick Ernser', 'P', '0000-00-00', '71039 O\'Kon Gateway Suite 744\nHankborough, VA 87764-5786', 6, 1, 1, '2018-12-13 18:13:32', 1, '2018-12-13 18:13:32'),
(65, '3603', '', 'Jewell Schimmel', 'P', '0000-00-00', '81086 Ervin Drive Apt. 108\nKavonville, NJ 00090', 2, 1, 1, '2018-12-13 18:13:33', 1, '2018-12-13 18:13:33'),
(66, '8310', '', 'Prof. Jordane Bergstrom III', 'P', '0000-00-00', '20506 Brain Parkways Suite 062\nWest Coralie, IN 82401-9595', 3, 1, 1, '2018-12-13 18:13:33', 1, '2018-12-13 18:13:33'),
(67, '5670', '', 'Mr. Augustus Hand', 'P', '0000-00-00', '599 Kohler Crescent Apt. 958\nNorth Arnoldo, MN 61266-5588', 2, 1, 1, '2018-12-13 18:13:33', 1, '2018-12-13 18:13:33'),
(68, '2857', '', 'Allene Kassulke', 'P', '0000-00-00', '576 Waelchi Place\nSouth Rachelstad, PA 71717', 3, 1, 1, '2018-12-13 18:13:33', 1, '2018-12-13 18:13:33'),
(69, '8530', '', 'Mikel Koepp', 'L', '0000-00-00', '312 Rempel Turnpike\nPort Marlonhaven, TX 62851', 4, 1, 1, '2018-12-13 18:13:33', 1, '2018-12-13 18:13:33'),
(70, '4752', '', 'Dr. Shane McLaughlin IV', 'L', '0000-00-00', '4634 Carson Divide Suite 644\nNorth Brianashire, NV 54085', 6, 1, 1, '2018-12-13 18:13:33', 1, '2018-12-13 18:13:33'),
(71, '5387', '', 'Margret Tromp PhD', 'P', '0000-00-00', '170 Deckow Centers\nEast Reggie, ID 30041-7970', 6, 1, 1, '2018-12-13 18:13:33', 1, '2018-12-13 18:13:33'),
(72, '4660', '', 'Geovany Schowalter', 'L', '0000-00-00', '711 Ledner Roads Suite 577\nAlexandreside, WI 98935-7122', 5, 1, 1, '2018-12-13 18:13:33', 1, '2018-12-13 18:13:33'),
(73, '8956', '', 'Sim Hudson', 'L', '0000-00-00', '82971 Angeline Extension Apt. 061\nSanfordbury, ND 77820-9621', 6, 1, 1, '2018-12-13 18:13:33', 1, '2018-12-13 18:13:33'),
(74, '5675', '', 'Boyd Doyle', 'L', '0000-00-00', '96253 Nolan Trail Apt. 229\nLake Franciscaside, RI 64706-2324', 2, 1, 1, '2018-12-13 18:13:33', 1, '2018-12-13 18:13:33'),
(75, '3986', '', 'Brent Roberts', 'P', '0000-00-00', '418 Hansen Motorway\nRitchiebury, NM 86308-4649', 5, 1, 1, '2018-12-13 18:13:33', 1, '2018-12-13 18:13:33'),
(76, '4376', '', 'Isom Hill', 'L', '0000-00-00', '83443 Cortez Club Apt. 138\nSusanaview, PA 32990', 3, 1, 1, '2018-12-13 18:13:33', 1, '2018-12-13 18:13:33'),
(77, '6111', '', 'Velma Schaden V', 'L', '0000-00-00', '9652 Sofia Square Suite 341\nMcKenziestad, ID 29261-8718', 3, 1, 1, '2018-12-13 18:13:33', 1, '2018-12-13 18:13:33'),
(78, '2141', '', 'Pansy Heidenreich', 'P', '0000-00-00', '78566 Zboncak Green Apt. 117\nWest Mallory, MS 37188', 3, 1, 1, '2018-12-13 18:13:33', 1, '2018-12-13 18:13:33'),
(79, '3733', '', 'Dr. Seth Sawayn', 'P', '0000-00-00', '4560 Schroeder Club Suite 230\nEast Jaron, CT 82669-2850', 2, 1, 1, '2018-12-13 18:13:33', 1, '2018-12-13 18:13:33'),
(80, '2806', '', 'Evelyn Homenick', 'L', '0000-00-00', '44367 Altenwerth Camp\nEast Trenton, NC 97766', 4, 1, 1, '2018-12-13 18:13:33', 1, '2018-12-13 18:13:33'),
(81, '1538', '', 'Lysanne Boyle V', 'P', '0000-00-00', '3707 Donnell Ferry Apt. 174\nPort Casimerborough, KY 98675', 5, 1, 1, '2018-12-13 18:13:33', 1, '2018-12-13 18:13:33'),
(82, '4878', '', 'Amir Kessler', 'L', '0000-00-00', '594 Elody Branch\nPadbergville, MD 49496-9590', 5, 1, 1, '2018-12-13 18:13:33', 1, '2018-12-13 18:13:33'),
(83, '9553', '', 'Prof. Palma Hand', 'P', '0000-00-00', '76249 Davis Field Suite 968\nLunabury, PA 55728', 2, 1, 1, '2018-12-13 18:13:33', 1, '2018-12-13 18:13:33'),
(84, '173418', '173418', 'Daffa Fahreza Putra', 'L', '2002-05-09', 'Kp Makasar', 1, 1, 1, '2019-01-21 14:24:09', 1, '2018-12-13 18:13:33'),
(85, '173419', '173419', 'Darren Riezqi', 'L', '2002-04-06', '166 Hoeger Mount Apt. 477\r\nWintheiserview, CT 30035', 1, 1, 1, '2019-01-21 14:24:50', 1, '2018-12-13 18:13:34'),
(86, '1447', '', 'Jamir Kohler', 'P', '0000-00-00', '18756 Monahan Ports\nLake Dewayne, NH 66465-9643', 3, 1, 1, '2018-12-13 18:13:34', 1, '2018-12-13 18:13:34'),
(87, '173420', '173420', 'Dimas Bhekti', 'L', '2002-08-05', '99146 Elisabeth Mountain Suite 208\r\nPort Russhaven, WI 25694-6726', 1, 1, 1, '2019-01-21 14:25:27', 1, '2018-12-13 18:13:34'),
(88, '6903', '', 'Lorena Jerde V', 'L', '0000-00-00', '5611 Dakota Springs\nMaddisonmouth, GA 87053-9572', 2, 1, 1, '2018-12-13 18:13:34', 1, '2018-12-13 18:13:34'),
(89, '8164', '', 'Alanna Osinski PhD', 'P', '0000-00-00', '28488 Sylvan Valleys\nFerryview, IA 68947-9110', 3, 1, 1, '2018-12-13 18:13:34', 1, '2018-12-13 18:13:34'),
(90, '1483', '', 'Esteban Littel Sr.', 'L', '0000-00-00', '1084 Davis Orchard\nWest Savanna, MI 45917', 5, 1, 1, '2018-12-13 18:13:34', 1, '2018-12-13 18:13:34'),
(91, '5393', '', 'Madisen Ernser II', 'P', '0000-00-00', '18522 Hilpert Squares Suite 795\nKoelpintown, WY 25556-9066', 2, 1, 1, '2018-12-13 18:13:34', 1, '2018-12-13 18:13:34'),
(92, '8186', '', 'Jett Jast DVM', 'L', '0000-00-00', '307 Kamren Springs Suite 016\nEast Kalehaven, NE 74009', 6, 1, 1, '2018-12-13 18:13:34', 1, '2018-12-13 18:13:34'),
(93, '4243', '', 'Prof. Dominique Stiedemann V', 'L', '0000-00-00', '75812 Gottlieb Ridge Apt. 259\nPort Helenatown, NJ 45408-5121', 6, 1, 1, '2018-12-13 18:13:34', 1, '2018-12-13 18:13:34'),
(94, '173421', '173421', 'Dimas Pratomo', 'L', '2001-01-15', '2371 Mosciski Ways\r\nEast Henriland, WA 28183-9775', 1, 1, 1, '2019-01-21 14:26:02', 1, '2018-12-13 18:13:34'),
(95, '7641', '', 'Dr. Emerald Schoen V', 'L', '0000-00-00', '2816 Devyn Light Apt. 214\nWest Carleton, AZ 84474', 6, 1, 1, '2018-12-13 18:13:34', 1, '2018-12-13 18:13:34'),
(96, '173422', '173422', 'Dimas Setiadi', 'L', '2003-01-24', '1286 Goodwin Pass Apt. 555\r\nPriceland, ME 63116', 1, 1, 1, '2019-01-21 14:26:33', 1, '2018-12-13 18:13:34'),
(97, '2288', '', 'Mr. Otto Gulgowski', 'P', '0000-00-00', '9356 Lindgren Camp\nPort Jadyn, MO 79320-3808', 3, 1, 1, '2018-12-13 18:13:34', 1, '2018-12-13 18:13:34'),
(98, '8025', '', 'Kade Hayes', 'L', '0000-00-00', '531 Jon Junction\nSouth Tiannahaven, KY 26895', 5, 1, 1, '2018-12-13 18:13:34', 1, '2018-12-13 18:13:34'),
(99, '2110', '', 'Jeffrey Waelchi', 'L', '0000-00-00', '1779 Toy Hill Apt. 733\nPinkieland, IL 95943', 5, 1, 1, '2018-12-13 18:13:34', 1, '2018-12-13 18:13:34'),
(100, '9074', '', 'Lucile Tillman', 'P', '0000-00-00', '821 Alexandria Plains\nEast Elodyland, TN 44721-8452', 4, 1, 1, '2018-12-13 18:13:34', 1, '2018-12-13 18:13:34'),
(103, '173423', '173423', 'Fahreza Dio', 'L', '2003-01-01', 'Jakarta barat', 1, 1, 1, '2019-01-21 14:29:12', 0, '0000-00-00 00:00:00');

-- --------------------------------------------------------

--
-- Table structure for table `sub_kelas`
--

CREATE TABLE `sub_kelas` (
  `id` int(11) NOT NULL,
  `tingkat` int(11) DEFAULT NULL,
  `nama_kelas` varchar(50) DEFAULT NULL,
  `deskripsi` varchar(255) DEFAULT NULL,
  `wali_kelas` int(11) DEFAULT NULL,
  `pic` int(11) DEFAULT NULL,
  `tipe_id` int(11) DEFAULT NULL,
  `active` tinyint(4) NOT NULL DEFAULT 1,
  `created_by` int(11) DEFAULT NULL,
  `created_at` datetime DEFAULT NULL,
  `updated_by` int(11) DEFAULT NULL,
  `timestamp` timestamp NULL DEFAULT current_timestamp() ON UPDATE current_timestamp()
) ENGINE=InnoDB DEFAULT CHARSET=latin1;

--
-- Dumping data for table `sub_kelas`
--

INSERT INTO `sub_kelas` (`id`, `tingkat`, `nama_kelas`, `deskripsi`, `wali_kelas`, `pic`, `tipe_id`, `active`, `created_by`, `created_at`, `updated_by`, `timestamp`) VALUES
(1, 1, 'KELAS PKL PT XYZ', NULL, 1, 1, 1, 1, NULL, NULL, NULL, '2019-08-13 10:18:47'),
(2, 11, 'TM', 'TEKNIK MESIN', 12, 1, NULL, 1, 1, '2019-08-24 12:14:33', NULL, '2019-08-24 05:14:33'),
(3, 11, 'industri', 'industri', 6, 1, NULL, 1, 1, '2019-08-24 12:43:11', NULL, '2019-08-24 05:43:11'),
(4, 11, 'Ujian matematika', 'ujian matematika', 14, NULL, 4, 1, NULL, NULL, NULL, '2020-10-29 09:45:25');

-- --------------------------------------------------------

--
-- Table structure for table `tipe_libur`
--

CREATE TABLE `tipe_libur` (
  `id` int(11) NOT NULL,
  `nama_libur` varchar(50) DEFAULT NULL,
  `keterangan` text DEFAULT NULL,
  `timestamp` timestamp NULL DEFAULT current_timestamp() ON UPDATE current_timestamp(),
  `created_by` int(11) DEFAULT NULL,
  `created_at` datetime DEFAULT NULL,
  `updated_by` int(11) DEFAULT NULL
) ENGINE=InnoDB DEFAULT CHARSET=latin1;

--
-- Dumping data for table `tipe_libur`
--

INSERT INTO `tipe_libur` (`id`, `nama_libur`, `keterangan`, `timestamp`, `created_by`, `created_at`, `updated_by`) VALUES
(1, 'Ujian Nasional', 'Ujian Kelas 3', '2019-08-26 04:06:58', NULL, NULL, NULL),
(2, 'Libur nasional', 'Libur Nasional', '2019-08-26 04:07:04', NULL, NULL, NULL),
(3, 'Triyout', 'Triyout', '2020-10-29 14:38:45', NULL, NULL, NULL);

-- --------------------------------------------------------

--
-- Table structure for table `tipe_sub_kelas`
--

CREATE TABLE `tipe_sub_kelas` (
  `id` int(11) NOT NULL,
  `tipe` varchar(50) DEFAULT NULL,
  `keterangan` text DEFAULT NULL,
  `timestamp` timestamp NULL DEFAULT current_timestamp() ON UPDATE current_timestamp(),
  `created_by` int(11) DEFAULT NULL,
  `created_at` datetime DEFAULT NULL,
  `updated_by` int(11) DEFAULT NULL
) ENGINE=InnoDB DEFAULT CHARSET=latin1;

--
-- Dumping data for table `tipe_sub_kelas`
--

INSERT INTO `tipe_sub_kelas` (`id`, `tipe`, `keterangan`, `timestamp`, `created_by`, `created_at`, `updated_by`) VALUES
(1, 'PKL', 'Kelas PKL', '2019-08-13 10:19:21', NULL, NULL, NULL),
(2, 'Ekskul', 'Kelas Ekskul', '2019-08-13 10:19:36', NULL, NULL, NULL),
(3, 'industri', 'industri', '2019-09-07 03:08:19', 1, '2019-09-07 10:08:19', NULL),
(4, 'Pelajaran', 'sscc', '2020-10-29 09:29:35', 1, '2019-09-07 10:09:53', NULL);

-- --------------------------------------------------------

--
-- Table structure for table `user`
--

CREATE TABLE `user` (
  `user_id` int(11) NOT NULL,
  `username` varchar(200) NOT NULL,
  `name` varchar(200) DEFAULT NULL,
  `email` varchar(200) NOT NULL,
  `level` varchar(10) DEFAULT 'admin',
  `password` varchar(32) DEFAULT NULL,
  `is_active` tinyint(1) NOT NULL DEFAULT 1
) ENGINE=InnoDB DEFAULT CHARSET=latin1;

--
-- Dumping data for table `user`
--

INSERT INTO `user` (`user_id`, `username`, `name`, `email`, `level`, `password`, `is_active`) VALUES
(1, 'admin', 'Admin', '', 'admin', '202cb962ac59075b964b07152d234b70', 1);

-- --------------------------------------------------------

--
-- Stand-in structure for view `v_jadwal_pelajaran`
-- (See below for the actual view)
--
CREATE TABLE `v_jadwal_pelajaran` (
`id` int(11)
,`hari` varchar(20)
,`jam` varchar(10)
,`jumlah_jam` int(2)
,`id_matpel` int(11)
,`id_kelas` int(11)
,`id_guru` int(11)
,`active` tinyint(1)
,`created_by` int(11)
,`created_at` datetime
,`updated_by` int(11)
,`updated_at` datetime
,`timestamp` timestamp
,`kelas` varchar(62)
,`mata_pelajaran` varchar(62)
,`nama_guru` varchar(50)
);

-- --------------------------------------------------------

--
-- Stand-in structure for view `v_jadwal_sekolah`
-- (See below for the actual view)
--
CREATE TABLE `v_jadwal_sekolah` (
`id` int(11)
,`tahun_ajaran` varchar(50)
,`semester` enum('Ganjil','Genap')
,`tgl_libur` date
,`keterangan` text
,`tipe_libur` int(11)
,`created_by` int(11)
,`created_at` datetime
,`updated_by` int(11)
,`timestamp` timestamp
,`nama_libur` varchar(50)
);

-- --------------------------------------------------------

--
-- Stand-in structure for view `v_penugasan`
-- (See below for the actual view)
--
CREATE TABLE `v_penugasan` (
`id` int(11)
,`tahun_ajaran` varchar(50)
,`semester` varchar(10)
,`tipe_penugasan` enum('internal','eksternal')
,`tipe_kelas` enum('kelas','sub_kelas')
,`id_guru_pic` int(11)
,`id_kelas` int(11)
,`start_date` date
,`end_date` date
,`created_at` datetime
,`updated_at` datetime
,`created_by` int(11)
,`updated_by` int(11)
,`timestamp` timestamp
,`nama_pic` varchar(50)
,`nama_kelas` varchar(308)
);

-- --------------------------------------------------------

--
-- Stand-in structure for view `v_siswa`
-- (See below for the actual view)
--
CREATE TABLE `v_siswa` (
`id` int(11)
,`nis` varchar(20)
,`nisn` varchar(20)
,`nama` varchar(50)
,`jenis_kelamin` enum('L','P')
,`tgl_lahir` date
,`alamat` text
,`id_kelas` int(11)
,`active` tinyint(1)
,`created_by` int(11)
,`created_at` datetime
,`updated_by` int(11)
,`updated_at` datetime
,`kelas` varchar(62)
);

-- --------------------------------------------------------

--
-- Stand-in structure for view `v_sub_kelas`
-- (See below for the actual view)
--
CREATE TABLE `v_sub_kelas` (
`id` int(11)
,`tingkat` int(11)
,`nama_kelas` varchar(50)
,`deskripsi` varchar(255)
,`wali_kelas` int(11)
,`pic` int(11)
,`tipe_id` int(11)
,`active` tinyint(4)
,`created_by` int(11)
,`created_at` datetime
,`updated_by` int(11)
,`timestamp` timestamp
,`nama_guru` varchar(50)
,`tipe` varchar(50)
,`nama_pic_eksternal` varchar(50)
);

-- --------------------------------------------------------

--
-- Stand-in structure for view `v_user`
-- (See below for the actual view)
--
CREATE TABLE `v_user` (
`user_id` bigint(12)
,`name` varchar(200)
,`username` varchar(200)
,`password` varchar(50)
,`level` varchar(10)
,`id_siswa` varchar(11)
);

-- --------------------------------------------------------

--
-- Stand-in structure for view `v_wali_murid`
-- (See below for the actual view)
--
CREATE TABLE `v_wali_murid` (
`id` int(11)
,`nama` varchar(50)
,`id_siswa` int(11)
,`nama_siswa` varchar(50)
,`nama_kelas` varchar(62)
,`no_hp` varchar(20)
,`alamat` varchar(255)
,`jenis_kelamin` enum('L','P')
,`active` tinyint(1)
,`username` varchar(20)
,`created_by` int(11)
,`created_at` datetime
,`updated_by` int(11)
,`updated_at` datetime
,`timestamp` timestamp
);

-- --------------------------------------------------------

--
-- Table structure for table `wali_murid`
--

CREATE TABLE `wali_murid` (
  `id` int(11) NOT NULL,
  `nama` varchar(50) NOT NULL,
  `username` varchar(20) NOT NULL,
  `password` varchar(50) NOT NULL,
  `id_siswa` int(11) NOT NULL,
  `alamat` varchar(255) NOT NULL,
  `no_hp` varchar(20) NOT NULL,
  `jenis_kelamin` enum('L','P') NOT NULL DEFAULT 'L',
  `active` tinyint(1) NOT NULL DEFAULT 1,
  `created_by` int(11) NOT NULL,
  `created_at` datetime NOT NULL DEFAULT '0000-00-00 00:00:00' ON UPDATE current_timestamp(),
  `updated_by` int(11) NOT NULL,
  `updated_at` datetime NOT NULL,
  `timestamp` timestamp NOT NULL DEFAULT current_timestamp()
) ENGINE=InnoDB DEFAULT CHARSET=latin1;

--
-- Dumping data for table `wali_murid`
--

INSERT INTO `wali_murid` (`id`, `nama`, `username`, `password`, `id_siswa`, `alamat`, `no_hp`, `jenis_kelamin`, `active`, `created_by`, `created_at`, `updated_by`, `updated_at`, `timestamp`) VALUES
(1, 'Ibu Fajar', 'fajar', '202cb962ac59075b964b07152d234b70', 36, 'Jl. Damai No. 6 Rt 6/7 Ciracas, Jakarta timur', '081213923838', 'L', 1, 1, '2019-01-22 09:29:24', 0, '0000-00-00 00:00:00', '2019-01-18 17:04:24'),
(2, 'Ibu Karwati', 'Karwati', '202cb962ac59075b964b07152d234b70', 30, 'Jl. Damai No. 6 Rt 6/7 Ciracas, Jakarta timur', '08111692401', 'L', 1, 1, '2019-01-22 09:30:52', 0, '0000-00-00 00:00:00', '2019-01-19 05:54:40'),
(3, 'Ibu Leni Nazwa', 'leni', '202cb962ac59075b964b07152d234b70', 41, 'Jl. Damai No. 6 Rt 6/7 Ciracas, Jakarta timur', '081282594703', 'L', 1, 1, '2019-01-22 09:31:27', 0, '0000-00-00 00:00:00', '2019-01-19 14:41:00'),
(4, 'Ibu Rini', 'rini', '202cb962ac59075b964b07152d234b70', 34, 'Jl. Damai No. 6 Rt 6/7 Ciracas, Jakarta timur', '081282033354', 'P', 1, 1, '2019-01-22 09:31:44', 0, '0000-00-00 00:00:00', '2019-01-21 02:56:37'),
(5, 'Ibu Musriyatun', 'masri', '202cb962ac59075b964b07152d234b70', 43, 'Jl. Damai No. 6 Rt 6/7 Ciracas, Jakarta timur', '081282648736', 'P', 1, 1, '2019-01-22 09:32:00', 0, '0000-00-00 00:00:00', '2019-01-21 03:19:28'),
(6, 'Ibu Maya Jamilah', 'maya', '202cb962ac59075b964b07152d234b70', 48, 'Jonggol', '081285390300', 'P', 1, 1, '2019-01-22 09:32:12', 0, '0000-00-00 00:00:00', '2019-01-22 01:59:09'),
(7, 'Ibu Tiasa Fatimah', 'tiasa', '202cb962ac59075b964b07152d234b70', 52, 'Kediri', '081288635537', 'P', 1, 1, '2019-01-22 09:32:37', 0, '0000-00-00 00:00:00', '2019-01-22 01:59:57'),
(8, 'Ibu Dewi Sukma', 'dewi', '202cb962ac59075b964b07152d234b70', 53, 'rengas', '081290554232', 'P', 1, 1, '2019-01-22 09:32:54', 0, '0000-00-00 00:00:00', '2019-01-22 02:00:59'),
(9, 'Ibu Neo Aini', 'neo', '202cb962ac59075b964b07152d234b70', 56, 'moro', '081290578611', 'P', 1, 1, '2019-01-22 09:33:12', 0, '0000-00-00 00:00:00', '2019-01-22 02:01:53'),
(10, 'Ibu Rosmi', 'rosmi', '202cb962ac59075b964b07152d234b70', 58, 'semper', '081293488880', 'P', 1, 1, '2019-01-22 09:33:23', 0, '0000-00-00 00:00:00', '2019-01-22 02:02:43'),
(11, 'Ibu Asih', 'asih', '202cb962ac59075b964b07152d234b70', 62, 'medan', '081296572054', 'P', 1, 1, '2019-01-22 09:03:29', 0, '0000-00-00 00:00:00', '2019-01-22 02:03:29'),
(12, 'Ibu Suryati', 'suryati', '202cb962ac59075b964b07152d234b70', 84, 'palembang', '089515953697', 'P', 1, 1, '2019-01-22 09:04:27', 0, '0000-00-00 00:00:00', '2019-01-22 02:04:27'),
(13, 'Ibu Susah Harjito', 'susah', '202cb962ac59075b964b07152d234b70', 85, 'karang', '081311175449', 'P', 1, 1, '2019-01-22 09:05:21', 0, '0000-00-00 00:00:00', '2019-01-22 02:05:21'),
(14, 'Ibu Niar', 'niar', '202cb962ac59075b964b07152d234b70', 87, 'medan', '081316073339', 'P', 1, 1, '2019-01-22 09:06:55', 0, '0000-00-00 00:00:00', '2019-01-22 02:06:55'),
(15, 'Bpk. Satriawan', 'satriawan', '202cb962ac59075b964b07152d234b70', 94, 'padang', '081316844125', 'L', 1, 1, '2019-01-22 09:08:06', 0, '0000-00-00 00:00:00', '2019-01-22 02:08:06'),
(16, 'Bpk. Tono', 'tono', '202cb962ac59075b964b07152d234b70', 96, 'riau', '081318007100', 'L', 1, 1, '2019-01-22 09:09:34', 0, '0000-00-00 00:00:00', '2019-01-22 02:09:34'),
(17, 'Bpk. Arif Agus', 'arif', '202cb962ac59075b964b07152d234b70', 103, 'aceh', '081802166616', 'L', 1, 1, '2019-01-22 09:10:31', 0, '0000-00-00 00:00:00', '2019-01-22 02:10:31'),
(18, 'Ibu Yuni', 'yuni', '202cb962ac59075b964b07152d234b70', 15, 'jepara', '081296943635', 'P', 1, 1, '2019-01-23 08:54:15', 0, '0000-00-00 00:00:00', '2019-01-22 02:17:21'),
(19, 'Bpk. Yanto', 'yanto', '202cb962ac59075b964b07152d234b70', 16, 'sabang', '081806891188', 'L', 1, 1, '2019-01-22 09:18:07', 0, '0000-00-00 00:00:00', '2019-01-22 02:18:07'),
(20, 'Bpk. Taufik', 'taufik', '202cb962ac59075b964b07152d234b70', 19, 'luwuk', '087885856366', 'L', 1, 1, '2019-01-22 09:18:52', 0, '0000-00-00 00:00:00', '2019-01-22 02:18:52'),
(21, 'Bpk. Dadang', 'dadang', '202cb962ac59075b964b07152d234b70', 27, 'kupang', '087881030046', 'L', 1, 1, '2019-01-22 09:20:33', 0, '0000-00-00 00:00:00', '2019-01-22 02:20:33'),
(22, 'Bpk. Nasifudin', 'nasifudin', '202cb962ac59075b964b07152d234b70', 29, 'ketapang', '087780853579', 'L', 1, 1, '2019-01-22 09:21:25', 0, '0000-00-00 00:00:00', '2019-01-22 02:21:25'),
(23, 'Bpk. Boby', 'boby', '202cb962ac59075b964b07152d234b70', 31, 'bangka', '087779262994', 'L', 1, 1, '2019-01-22 09:22:08', 0, '0000-00-00 00:00:00', '2019-01-22 02:22:08'),
(24, 'Bpk. Kuniawan', 'kurniawan', '202cb962ac59075b964b07152d234b70', 40, 'madura', '085711372659', 'L', 1, 1, '2019-01-22 09:22:46', 0, '0000-00-00 00:00:00', '2019-01-22 02:22:46');

-- --------------------------------------------------------

--
-- Structure for view `v_jadwal_pelajaran`
--
DROP TABLE IF EXISTS `v_jadwal_pelajaran`;

CREATE ALGORITHM=UNDEFINED DEFINER=`root`@`localhost` SQL SECURITY DEFINER VIEW `v_jadwal_pelajaran`  AS  select `jp`.`id` AS `id`,`jp`.`hari` AS `hari`,`jp`.`jam` AS `jam`,`jp`.`jumlah_jam` AS `jumlah_jam`,`jp`.`id_matpel` AS `id_matpel`,`jp`.`id_kelas` AS `id_kelas`,`jp`.`id_guru` AS `id_guru`,`jp`.`active` AS `active`,`jp`.`created_by` AS `created_by`,`jp`.`created_at` AS `created_at`,`jp`.`updated_by` AS `updated_by`,`jp`.`updated_at` AS `updated_at`,`jp`.`timestamp` AS `timestamp`,concat(`k`.`tingkat`,' ',`k`.`nama_kelas`) AS `kelas`,concat(`mp`.`nama`,' ',`mp`.`tingkat`) AS `mata_pelajaran`,`g`.`nama` AS `nama_guru` from (((`jadwal_pelajaran` `jp` join `kelas` `k` on(`jp`.`id_kelas` = `k`.`id`)) join `mata_pelajaran` `mp` on(`jp`.`id_matpel` = `mp`.`id`)) join `guru` `g` on(`jp`.`id_guru` = `g`.`id`)) ;

-- --------------------------------------------------------

--
-- Structure for view `v_jadwal_sekolah`
--
DROP TABLE IF EXISTS `v_jadwal_sekolah`;

CREATE ALGORITHM=UNDEFINED DEFINER=`root`@`localhost` SQL SECURITY DEFINER VIEW `v_jadwal_sekolah`  AS  select `js`.`id` AS `id`,`js`.`tahun_ajaran` AS `tahun_ajaran`,`js`.`semester` AS `semester`,`js`.`tgl_libur` AS `tgl_libur`,`js`.`keterangan` AS `keterangan`,`js`.`tipe_libur` AS `tipe_libur`,`js`.`created_by` AS `created_by`,`js`.`created_at` AS `created_at`,`js`.`updated_by` AS `updated_by`,`js`.`timestamp` AS `timestamp`,`tl`.`nama_libur` AS `nama_libur` from (`jadwal_sekolah` `js` join `tipe_libur` `tl` on(`js`.`tipe_libur` = `tl`.`id`)) ;

-- --------------------------------------------------------

--
-- Structure for view `v_penugasan`
--
DROP TABLE IF EXISTS `v_penugasan`;

CREATE ALGORITHM=UNDEFINED DEFINER=`root`@`localhost` SQL SECURITY DEFINER VIEW `v_penugasan`  AS  select `p`.`id` AS `id`,`p`.`tahun_ajaran` AS `tahun_ajaran`,`p`.`semester` AS `semester`,`p`.`tipe_penugasan` AS `tipe_penugasan`,`p`.`tipe_kelas` AS `tipe_kelas`,`p`.`id_guru_pic` AS `id_guru_pic`,`p`.`id_kelas` AS `id_kelas`,`p`.`start_date` AS `start_date`,`p`.`end_date` AS `end_date`,`p`.`created_at` AS `created_at`,`p`.`updated_at` AS `updated_at`,`p`.`created_by` AS `created_by`,`p`.`updated_by` AS `updated_by`,`p`.`timestamp` AS `timestamp`,if(`p`.`tipe_penugasan` = 'internal',`g`.`nama`,`e`.`nama`) AS `nama_pic`,if(`p`.`tipe_kelas` = 'kelas',`k`.`nama_kelas`,concat(`sk`.`nama_kelas`,' - ',`sk`.`deskripsi`)) AS `nama_kelas` from ((((`penugasan` `p` left join `guru` `g` on(`g`.`id` = `p`.`id_guru_pic`)) left join `pic_eksternal` `e` on(`e`.`id` = `p`.`id_guru_pic`)) left join `kelas` `k` on(`k`.`id` = `p`.`id_kelas`)) left join `sub_kelas` `sk` on(`sk`.`id` = `p`.`id_kelas`)) ;

-- --------------------------------------------------------

--
-- Structure for view `v_siswa`
--
DROP TABLE IF EXISTS `v_siswa`;

CREATE ALGORITHM=UNDEFINED DEFINER=`root`@`localhost` SQL SECURITY DEFINER VIEW `v_siswa`  AS  select `s`.`id` AS `id`,`s`.`nis` AS `nis`,`s`.`nisn` AS `nisn`,`s`.`nama` AS `nama`,`s`.`jenis_kelamin` AS `jenis_kelamin`,`s`.`tgl_lahir` AS `tgl_lahir`,`s`.`alamat` AS `alamat`,`s`.`id_kelas` AS `id_kelas`,`s`.`active` AS `active`,`s`.`created_by` AS `created_by`,`s`.`created_at` AS `created_at`,`s`.`updated_by` AS `updated_by`,`s`.`updated_at` AS `updated_at`,concat(`k`.`tingkat`,' ',`k`.`nama_kelas`) AS `kelas` from (`siswa` `s` join `kelas` `k` on(`s`.`id_kelas` = `k`.`id`)) where `s`.`active` = 1 and `k`.`active` = 1 ;

-- --------------------------------------------------------

--
-- Structure for view `v_sub_kelas`
--
DROP TABLE IF EXISTS `v_sub_kelas`;

CREATE ALGORITHM=UNDEFINED DEFINER=`root`@`localhost` SQL SECURITY DEFINER VIEW `v_sub_kelas`  AS  select `s`.`id` AS `id`,`s`.`tingkat` AS `tingkat`,`s`.`nama_kelas` AS `nama_kelas`,`s`.`deskripsi` AS `deskripsi`,`s`.`wali_kelas` AS `wali_kelas`,`s`.`pic` AS `pic`,`s`.`tipe_id` AS `tipe_id`,`s`.`active` AS `active`,`s`.`created_by` AS `created_by`,`s`.`created_at` AS `created_at`,`s`.`updated_by` AS `updated_by`,`s`.`timestamp` AS `timestamp`,`g`.`nama` AS `nama_guru`,`t`.`tipe` AS `tipe`,`e`.`nama` AS `nama_pic_eksternal` from (((`sub_kelas` `s` join `tipe_sub_kelas` `t` on(`s`.`tipe_id` = `t`.`id`)) left join `pic_eksternal` `e` on(`s`.`pic` = `e`.`id`)) left join `guru` `g` on(`s`.`wali_kelas` = `g`.`id`)) ;

-- --------------------------------------------------------

--
-- Structure for view `v_user`
--
DROP TABLE IF EXISTS `v_user`;

CREATE ALGORITHM=UNDEFINED DEFINER=`root`@`localhost` SQL SECURITY DEFINER VIEW `v_user`  AS  select `user`.`user_id` AS `user_id`,`user`.`name` AS `name`,`user`.`username` AS `username`,`user`.`password` AS `password`,`user`.`level` AS `level`,'' AS `id_siswa` from `user` where `user`.`is_active` = 1 union select `guru`.`id` + 1000 AS `user_id`,`guru`.`nama` AS `name`,`guru`.`username` AS `username`,`guru`.`password` AS `password`,'guru' AS `level`,'' AS `id_siswa` from `guru` where `guru`.`active` = 1 union select `wali_murid`.`id` + 2000 AS `user_id`,`wali_murid`.`nama` AS `name`,`wali_murid`.`username` AS `username`,`wali_murid`.`password` AS `password`,'wali' AS `level`,`wali_murid`.`id_siswa` AS `id_siswa` from `wali_murid` where `wali_murid`.`active` = 1 ;

-- --------------------------------------------------------

--
-- Structure for view `v_wali_murid`
--
DROP TABLE IF EXISTS `v_wali_murid`;

CREATE ALGORITHM=UNDEFINED DEFINER=`root`@`localhost` SQL SECURITY DEFINER VIEW `v_wali_murid`  AS  select `wm`.`id` AS `id`,`wm`.`nama` AS `nama`,`wm`.`id_siswa` AS `id_siswa`,`sw`.`nama` AS `nama_siswa`,concat(`kl`.`tingkat`,' ',`kl`.`nama_kelas`) AS `nama_kelas`,`wm`.`no_hp` AS `no_hp`,`wm`.`alamat` AS `alamat`,`wm`.`jenis_kelamin` AS `jenis_kelamin`,`wm`.`active` AS `active`,`wm`.`username` AS `username`,`wm`.`created_by` AS `created_by`,`wm`.`created_at` AS `created_at`,`wm`.`updated_by` AS `updated_by`,`wm`.`updated_at` AS `updated_at`,`wm`.`timestamp` AS `timestamp` from ((`wali_murid` `wm` join `siswa` `sw` on(`wm`.`id_siswa` = `sw`.`id`)) join `kelas` `kl` on(`kl`.`id` = `sw`.`id_kelas`)) ;

--
-- Indexes for dumped tables
--

--
-- Indexes for table `absensi`
--
ALTER TABLE `absensi`
  ADD PRIMARY KEY (`id`),
  ADD KEY `id_jadwal` (`id_jadwal`),
  ADD KEY `trx_date` (`trx_date`),
  ADD KEY `id_siswa` (`id_siswa`),
  ADD KEY `value` (`value`),
  ADD KEY `tahun_ajaran` (`tahun_ajaran`),
  ADD KEY `semester` (`semester`);

--
-- Indexes for table `absensi_guru`
--
ALTER TABLE `absensi_guru`
  ADD PRIMARY KEY (`id_guru`,`tanggal`);

--
-- Indexes for table `current_active`
--
ALTER TABLE `current_active`
  ADD PRIMARY KEY (`id_user`);

--
-- Indexes for table `ekskul`
--
ALTER TABLE `ekskul`
  ADD PRIMARY KEY (`id`);

--
-- Indexes for table `guru`
--
ALTER TABLE `guru`
  ADD PRIMARY KEY (`id`),
  ADD KEY `nik` (`nik`);

--
-- Indexes for table `jadwal_pelajaran`
--
ALTER TABLE `jadwal_pelajaran`
  ADD PRIMARY KEY (`id`),
  ADD KEY `id_matpel` (`id_matpel`),
  ADD KEY `id_kelas` (`id_kelas`),
  ADD KEY `id_guru` (`id_guru`),
  ADD KEY `tahun_ajaran` (`tahun_ajaran`),
  ADD KEY `tahun_ajaran_2` (`tahun_ajaran`),
  ADD KEY `hari` (`hari`);

--
-- Indexes for table `jadwal_sekolah`
--
ALTER TABLE `jadwal_sekolah`
  ADD PRIMARY KEY (`id`);

--
-- Indexes for table `kelas`
--
ALTER TABLE `kelas`
  ADD PRIMARY KEY (`id`);

--
-- Indexes for table `level`
--
ALTER TABLE `level`
  ADD PRIMARY KEY (`level_id`);

--
-- Indexes for table `mata_pelajaran`
--
ALTER TABLE `mata_pelajaran`
  ADD PRIMARY KEY (`id`),
  ADD KEY `nama` (`nama`),
  ADD KEY `tingkat` (`tingkat`);

--
-- Indexes for table `penugasan`
--
ALTER TABLE `penugasan`
  ADD PRIMARY KEY (`id`);

--
-- Indexes for table `pic_eksternal`
--
ALTER TABLE `pic_eksternal`
  ADD PRIMARY KEY (`id`);

--
-- Indexes for table `setting`
--
ALTER TABLE `setting`
  ADD PRIMARY KEY (`id`),
  ADD KEY `tahun_ajaran` (`tahun_ajaran`),
  ADD KEY `semester` (`semester`);

--
-- Indexes for table `siswa`
--
ALTER TABLE `siswa`
  ADD PRIMARY KEY (`id`),
  ADD KEY `nis` (`nis`),
  ADD KEY `id_kelas` (`id_kelas`);

--
-- Indexes for table `sub_kelas`
--
ALTER TABLE `sub_kelas`
  ADD PRIMARY KEY (`id`);

--
-- Indexes for table `tipe_libur`
--
ALTER TABLE `tipe_libur`
  ADD PRIMARY KEY (`id`);

--
-- Indexes for table `tipe_sub_kelas`
--
ALTER TABLE `tipe_sub_kelas`
  ADD PRIMARY KEY (`id`);

--
-- Indexes for table `user`
--
ALTER TABLE `user`
  ADD PRIMARY KEY (`user_id`),
  ADD UNIQUE KEY `username` (`username`),
  ADD KEY `level_id` (`level`);

--
-- Indexes for table `wali_murid`
--
ALTER TABLE `wali_murid`
  ADD PRIMARY KEY (`id`);

--
-- AUTO_INCREMENT for dumped tables
--

--
-- AUTO_INCREMENT for table `absensi`
--
ALTER TABLE `absensi`
  MODIFY `id` int(11) NOT NULL AUTO_INCREMENT, AUTO_INCREMENT=258;

--
-- AUTO_INCREMENT for table `ekskul`
--
ALTER TABLE `ekskul`
  MODIFY `id` int(11) NOT NULL AUTO_INCREMENT, AUTO_INCREMENT=9;

--
-- AUTO_INCREMENT for table `guru`
--
ALTER TABLE `guru`
  MODIFY `id` int(11) NOT NULL AUTO_INCREMENT, AUTO_INCREMENT=36;

--
-- AUTO_INCREMENT for table `jadwal_pelajaran`
--
ALTER TABLE `jadwal_pelajaran`
  MODIFY `id` int(11) NOT NULL AUTO_INCREMENT, AUTO_INCREMENT=14;

--
-- AUTO_INCREMENT for table `jadwal_sekolah`
--
ALTER TABLE `jadwal_sekolah`
  MODIFY `id` int(11) NOT NULL AUTO_INCREMENT, AUTO_INCREMENT=3;

--
-- AUTO_INCREMENT for table `kelas`
--
ALTER TABLE `kelas`
  MODIFY `id` int(11) NOT NULL AUTO_INCREMENT, AUTO_INCREMENT=13;

--
-- AUTO_INCREMENT for table `level`
--
ALTER TABLE `level`
  MODIFY `level_id` int(11) NOT NULL AUTO_INCREMENT, AUTO_INCREMENT=105;

--
-- AUTO_INCREMENT for table `mata_pelajaran`
--
ALTER TABLE `mata_pelajaran`
  MODIFY `id` int(11) NOT NULL AUTO_INCREMENT, AUTO_INCREMENT=13;

--
-- AUTO_INCREMENT for table `penugasan`
--
ALTER TABLE `penugasan`
  MODIFY `id` int(11) NOT NULL AUTO_INCREMENT, AUTO_INCREMENT=5;

--
-- AUTO_INCREMENT for table `pic_eksternal`
--
ALTER TABLE `pic_eksternal`
  MODIFY `id` int(11) NOT NULL AUTO_INCREMENT, AUTO_INCREMENT=2;

--
-- AUTO_INCREMENT for table `setting`
--
ALTER TABLE `setting`
  MODIFY `id` int(11) NOT NULL AUTO_INCREMENT, AUTO_INCREMENT=2;

--
-- AUTO_INCREMENT for table `siswa`
--
ALTER TABLE `siswa`
  MODIFY `id` int(11) NOT NULL AUTO_INCREMENT, AUTO_INCREMENT=104;

--
-- AUTO_INCREMENT for table `sub_kelas`
--
ALTER TABLE `sub_kelas`
  MODIFY `id` int(11) NOT NULL AUTO_INCREMENT, AUTO_INCREMENT=5;

--
-- AUTO_INCREMENT for table `tipe_libur`
--
ALTER TABLE `tipe_libur`
  MODIFY `id` int(11) NOT NULL AUTO_INCREMENT, AUTO_INCREMENT=4;

--
-- AUTO_INCREMENT for table `tipe_sub_kelas`
--
ALTER TABLE `tipe_sub_kelas`
  MODIFY `id` int(11) NOT NULL AUTO_INCREMENT, AUTO_INCREMENT=5;

--
-- AUTO_INCREMENT for table `user`
--
ALTER TABLE `user`
  MODIFY `user_id` int(11) NOT NULL AUTO_INCREMENT, AUTO_INCREMENT=2;

--
-- AUTO_INCREMENT for table `wali_murid`
--
ALTER TABLE `wali_murid`
  MODIFY `id` int(11) NOT NULL AUTO_INCREMENT, AUTO_INCREMENT=25;
COMMIT;

/*!40101 SET CHARACTER_SET_CLIENT=@OLD_CHARACTER_SET_CLIENT */;
/*!40101 SET CHARACTER_SET_RESULTS=@OLD_CHARACTER_SET_RESULTS */;
/*!40101 SET COLLATION_CONNECTION=@OLD_COLLATION_CONNECTION */;
